indice;empresa;complejo;planta;tag;descripcion;fabricante;modelo;tipodebomba;capacidadn;capacidadd;presiondesuccion;presiondedescarga;presiondiferencial;npsha;nombredelfluido;temperaturadeoperacion;presiondevapor;temperaturapresionvapor;densidadrelativa;viscosidad;temperaturaviscosidad;viscosidadmax;corrosivo;peligroso;inflamable;concentraciondeh2s;concentraciondecloroppm;numerodecurva;velocidad;potenciamaxima;eficiencia;npshr;cabezaltotal;numerodeetapas;diametrointernodelasuccion;diametrointernodeladescarga;tipodebombaconstruccion;conexiondesuccion;tamanoratingsuccion;conexiondedescarga;tamanoratingdescarga;carcasadividida;tipodecarcasa;modeloconstruccion;fabricantesello;potencia;velocidadmotor;posiciondelmotor;factordeservicio;voltaje;fase;frecuencia;aislamiento;metododearranque;elevaciondedelasuccion;materialdelatuberia;longirtuddetuberia;numerodecodosde90;numerodecodosde90radiolargo;numerodecodosde90roscados;numerodecodosde45;numerodecodosde45roscados;numerodecodosde180;numerodevalvulasdecompuerta;numerodevalvulasdemariposade2y8;numerodevalvulasdemariposade10y14;numerodevalvulasdemariposade16y24;numerodeconexionestipotflujodirecto;numerodeconexionestipotflujoramal;numerodecontraccionesenlalinea;numerodeexpansiones
;PQV;AMC;Olefinas I;104-J A;Bomba Agua de Proceso;Kellog;;;;0,1577;223;994,8;;9,144;Agua;93,33;;;;;;;;;;;;;1770;;;3,96;;;;;;;;;;;;;;;;;;;;;;;;;;;;;;;;;;;;;;;
;PQV;AMC;Olefinas I;104-J B;Bomba Agua de Proceso;Kellog;;;;0,1577;223;994,8;;9,144;Agua;93,33;;;;;;;;;;;;;1770;;;3,96;;;;;;;;;;;;;;;;;;;;;;;;;;;;;;;;;;;;;;;
;PQV;AMC;Olefinas I;104-J C;Bomba Agua de Proceso;Kellog;;;;0,1577;223;994,8;;9,144;Agua;93,33;;;;;;;;;;;;;1770;;;3,96;;;;;;;;;;;;;;;;;;;;;;;;;;;;;;;;;;;;;;;
;PQV;AMC;Olefinas I;105-J;Bomba Aceite pesado;Kellog;;;;1,134;225;570;;6,1;Reduo de crackeo;93,33;;;;;;;;;;;;;;;;;;;;;;;;;;;;;;;;;;;;;;;;;;;;;;;;;;;;;;;
;PQV;AMC;Olefinas I;105-JA;Bomba Aceite pesado;Kellog;;Reciprocante;0,24;1,1;124;469;345;6,1;Hidrocarburo pesado;96;6,9;;;;;5;;;;;;;;;;2,2;;;;;;;;;;;;;;;;;;;;;;;;;;;;;;;;;;;;;;;
;PQV;AMC;Olefinas I;106-J;Bomba Aceite liviano;Kellog;;;;1,1354994;124;469;;6,1;Agua y aceite;93,33;6,9;;;;;;;;;;;;;;;2,2;;;;;;;;;;;;;;;;;;;;;;;;;;;;;;;;;;;;;;;
;PQV;AMC;Olefinas I;108-J;Bomba Sistema lavado Caustico;Kellog;;;;27,25;2098,0467;2201,4681;;6,096;Agua;40,55;7,584233008;;;;;;;;;;;;1750;;;1,6764;;;;;;;;;;;;;;;;;;;;;;;;;;;;;;;;;;;;;;;
;PQV;AMC;Olefinas I;108-JA;Bomba Sistema lavado Caustico;Kellog;;;;27,25;2098,0467;2201,4681;;6,096;Agua;40,55;7,584233008;;;;;;;;;;;;1750;;;1,6764;;;;;;;;;;;;;;;;;;;;;;;;;;;;;;;;;;;;;;;
;PQV;AMC;Olefinas I;109-J;Bomba Sistema lavado Caustico;Kellog;;;;27,25;1959,4621;2098,0467;;6,096;Soda caustica;40,55;6,2;;;;;;;;;;;;1750;;;1,524;;;;;;;;;;;;;;;;;;;;;;;;;;;;;;;;;;;;;;;
;PQV;AMC;Olefinas I;110-J;Bomba Sistema lavado Caustico;Kellog;;;;27,25;1874,6566;2014,6201;;6,096;Soda caustica;40,55;6,2;;;;;;;;;;;;1760;;;1,524;;;;;;;;;;;;;;;;;;;;;;;;;;;;;;;;;;;;;;;
;PQV;AMC;Olefinas I;110-JA;Bomba Sistema lavado Caustico;Kellog;;;;27,25;1874,6566;2014,6201;;6,096;Soda caustica;40,55;6,2;;;;;;;;;;;;1760;;;1,524;;;;;;;;;;;;;;;;;;;;;;;;;;;;;;;;;;;;;;;
;PQV;AMC;Olefinas I;111-J;Bomba Sistema lavado Caustico. Soda mezclado;Kellog;;;;11,354994;;103,4213592;;6,096;Soda caustica;40,55;6,2052;;;;;;;;;;;;1770;;;1,9812;;;;;;;;;;;;;;;;;;;;;;;;;;;;;;;;;;;;;;;
;PQV;AMC;Olefinas I;112-J;Bomba Reposición soda fresca;Kellog;;;;4,5419976;93,0513;2224,9102;;6,096;Soda caustica;40,55;6,2052;;;;;;;;;;;;;;;;;;;;;;;;;;;;;;;;;;;;;;;;;;;;;;;;;;;;;;
;PQV;AMC;Olefinas I;112-JA;Bomba Reposición soda fresca;Kellog;;;;4,5419976;93,0513;2224,9102;;6,096;Soda caustica;40,55;6,2052;;;;;;;;;;;;;;;;;;;;;;;;;;;;;;;;;;;;;;;;;;;;;;;;;;;;;;
;PQV;AMC;Olefinas I;113-J;Bomba de dripoleno para almacenaje;Kellog;;;;4,5419976;223;446,0629;;6,096;Gasolina;114,4;151,68;;;;;;;;;;;;3550;;;1,524;;;;;;;;;;;;;;;;;;;;;;;;;;;;;;;;;;;;;;;
;PQV;AMC;Olefinas I;113-JA;Bomba de dripoleno para almacenaje;Kellog;;;;4,5419976;223;446,0629;;6,096;Gasolina;114,4;151,68;;;;;;;;;;;;3550;;;1,524;;;;;;;;;;;;;;;;;;;;;;;;;;;;;;;;;;;;;;;
;PQV;AMC;Olefinas I;114-J;Bomba de Reflujo desmetanizadora;Kellog;;;;37,4714802;3326,6925;3671,4303;;4,2672;Hidrocarburo;-98,33;3309,483494;;;;;;;;;;;;3570;;;3,76;;;;;;;;;;;;;;;;;;;;;;;;;;;;;;;;;;;;;;;
;PQV;AMC;Olefinas I;114-JA;Bomba de Reflujo desmetanizadora;Kellog;;;;37,4714802;3326,6925;3671,4303;;4,2672;Hidrocarburo;-98,33;3309,483494;;;;;;;;;;;;3570;;;3,76;;;;;;;;;;;;;;;;;;;;;;;;;;;;;;;;;;;;;;;
;PQV;AMC;Olefinas I;115-J;Bomba de Reflujo desetanizadora;Kellog;;;;137,395;1880,1724;2569,6481;;4,8768;Hidrocarburo;-20,5;2213;;;;;;;;;;;;3550;;;4,572;;;;;;;;;;;;;;;;;;;;;;;;;;;;;;;;;;;;;;;
;PQV;AMC;Olefinas I;115-JA;Bomba de Reflujo desetanizadora;Kellog;;;;137,395;1880,1724;2569,6481;;4,8768;Hidrocarburo;-20,5;2213;;;;;;;;;;;;3550;;;4,572;;;;;;;;;;;;;;;;;;;;;;;;;;;;;;;;;;;;;;;
;PQV;AMC;Olefinas I;119-J;Bomba torre fraccionamiento segundo tren de propileno111-E;Kellog;;;;617,711;1938,0883;2524,1427;;9,4488;Hidrocarburo;46,11;1909,8;;;;;;;;;;;;1770;;;5,1816;;;;;;;;;;;;;;;;;;;;;;;;;;;;;;;;;;;;;;;
;PQV;AMC;Olefinas I;119-JA;Bomba torre fraccionamiento segundo tren de propileno111-E;Kellog;;;;617,711;1938,0883;2524,1427;;9,4488;Hidrocarburo;46,11;1909,8;;;;;;;;;;;;1770;;;5,1816;;;;;;;;;;;;;;;;;;;;;;;;;;;;;;;;;;;;;;;
;PQV;AMC;Olefinas I;120-J;Bomba Inyección de metanol;Kellog;;;;2,27;;3893,4415;;6,096;Metanol;37,77;10,34213592;;;;;;;;;;;;;;;;;;;;;;;;;;;;;;;;;;;;;;;;;;;;;;;;;;;;;;
;PQV;AMC;Olefinas I;122-JD;Bomba alimentación de agua a calderas;Kellog;;Centrifuga;109,15;130,76;143;5819;5686;6,4;Agua;115,5;172;;;0,228;;;;;;;;;3500;;;3,26;756;;22,2;19,05;;;;;;;;;;;;;;;;;;;;;;;;;;;;;;;;;;;
;PQV;AMC;Olefinas I;123-J;Bomba Condensado de 136-F;Kellog;;;;81,75;186,4063;565,618;;4,2672;Agua;104,4;;;;;;;;;;;;;3550;;;3,6576;;;33;25,4;;;;;;;;;;;;;;;;;;;;;;;;;;;;;;;;;;;
;PQV;AMC;Olefinas I;123-JA;Bomba Condensado de 136-F;Kellog;;;;81,75;186,4063;565,618;;4,2672;Agua;104,4;;;;;;;;;;;;;3550;;;3,6576;;;33;25,4;;;;;;;;;;;;;;;;;;;;;;;;;;;;;;;;;;;
;PQV;AMC;Olefinas I;123-JB;Bomba Condensado de 136-F;Kellog;;centrifuga;68,1;81,72;85;464;379;4,27;Agua;104,4;118;;;0,228;;;;;;;;;1770;17,57;95,9;2,28;41,17;;;;;;;;;;;;;;;;;;;;;;;;;;;;;;;;;;;;;;
;PQV;AMC;Olefinas I;126-J;Bomba Condensador de superficie 153-C;Kellog;;;;68,129;24,7932;679,7951;;1,2192;Agua;51,66;;;;;;;;;;;;;3550;;;0,3048;;;;;;;;;;;;;;;;;;;;;;;;;;;;;;;;;;;;;;;
;PQV;AMC;Olefinas I;126-JA;Bomba Condensador de superficie 153-C;Kellog;;;;68,129;24,7932;679,7951;;1,2192;Agua;51,66;;;;;;;;;;;;;3550;;;0,3048;;;;;;;;;;;;;;;;;;;;;;;;;;;;;;;;;;;;;;;
;PQV;AMC;Olefinas I;129-J;Bomba Sistema de soda;Kellog;;;;24,526;2043,57;2233,87;;6,096;Soda caustica;40,55;6,205281552;;;;;;;;;;;;3500;;;2,4384;;;;;;;;;;;;;;;;;;;;;;;;;;;;;;;;;;;;;;;
;PQV;AMC;Olefinas I;129-JA;Bomba Sistema de soda;Kellog;;;;24,526;2043,57;2233,87;;6,096;Soda caustica;40,55;6,205281552;;;;;;;;;;;;3500;;;2,4384;;;;;;;;;;;;;;;;;;;;;;;;;;;;;;;;;;;;;;;
;PQV;AMC;Olefinas I;130-J;Bomba hacia la torre de fraccionamiento de propileno 111-E;Kellog;;;;0,60181;2003,5885;2589,64;;9,4488;Soda caustica;40,55;1861,58;;;;;;;;;;;;1770;;;54,864;;;;;;;;;;;;;;;;;;;;;;;;;;;;;;;;;;;;;;;
;PQV;AMC;Olefinas I;139-J;Bomba sistema soda;Kellog;;centrifuga;11,6;12,2;1713;1897;184;10;10% soda caustica;40;6,9;;;1,02;;;;;;;;150x8w-1-1;1750;2,21;;1,5;17,1;;21,4;16,5;;;;;;;;;;;;;;;;;;;;;;;;;;;;;;;;;;;
;PQV;AMC;Olefinas I;140-J;Bomba sistema soda;Kellog;;centrifuga;11,6;12,8;1641;1796;155;10;10% soda caustica;40;6,9;;;1,5;;;;;;;;150x8w-1-1;1750;1,82;;1,5;15,6;;21,4;16,5;;;;;;;;;;;;;;;;;;;;;;;;;;;;;;;;;;;
;PQV;AMC;Olefinas I;141-J ;Bomba sistema soda;Kellog;;centrifuga;11,6;12,2;1839;1993;154;10;Agua;41;8,28;;;0,6;;;;;;;;150x8w-1-1;1750;1,88;97,9;1,5;15,9;;21,4;16,5;;;;;;;;;;;;;;;;;;;;;;;;;;;;;;;;;;;
;PQV;AMC;Olefinas I;141-JA;Bomba sistema soda;Kellog;;centrifuga;11,6;12,2;1839;1993;154;10;Agua;41;8,28;;;0,6;;;;;;;;150x8w-1-1;1750;1,88;97,9;1,5;15,9;;21,4;16,5;;;;;;;;;;;;;;;;;;;;;;;;;;;;;;;;;;;
;PQV;AMC;Olefinas I;149-J;Bomba sistema soda;Kellog;;centrifuga;11,6;12,2;1814;1994;180;10;10% soda caustica;41;6,9;;;1,5;;;;;;;;150x8w-1-L;1750;2,15;97,9;1,5;16,8;;21,4;16,5;;;;;;;;;;;;;;;;;;;;;;;;;;;;;;;;;;;
;PQV;AMC;Olefinas I;181-J ;Compresor de proceso;Kellog ;SN1300-42;rotatoria;;1150;101;2800;1210;;Lubricante/ aceite de mar;;;;;;;;;;;;;;1750;;;;;;;;;;;;;;;;;;;;;;;;;;;;;;;;;;;;;;;;;;
;PQV;AMC;Olefinas I;181- J1 ;Compresor de proceso;Kellog ;SN1300-42;rotatoria;;1150;101;2800;1210;;Lubricante/ aceite de mar;;;;;;;;;;;;;;1750;;;;;;;;;;;;;;;;;;;;;;;;;;;;;;;;;;;;;;;;;;
;PQV;AMC;Olefinas I;182-J;Bomba condensado 187-C;Kellog;;;;;71;699;;1,15;Agua (vapor condensado);51;13;;;;;;;;;;;;3550;;;0,47;;;;;;;;;;;;;;;;;;;;;;;;;;;;;;;;;;;;;;;
;PQV;AMC;Olefinas I;182-JA;Bomba condensado 187-C;Kellog;;;;;71;699;;1,15;Agua (vapor condensado);51;13;;;;;;;;;;;;3550;;;0,47;;;;;;;;;;;;;;;;;;;;;;;;;;;;;;;;;;;;;;;
;PQV;AMC;Olefinas I;184-J ;Bomba Condensado 190-C;Kellog;;;;;18;815;;1,13;Agua (vapor condensado);53;13;;;;;;;;;;;;3550;;;0;;;;;;;;;;;;;;;;;;;;;;;;;;;;;;;;;;;;;;;
;PQV;AMC;Olefinas I;184-JA; Bomba Condensado 190-C;Kellog;;;;;18;815;;1,13;Agua (vapor condensado);53;13;;;;;;;;;;;;3550;;;0;;;;;;;;;;;;;;;;;;;;;;;;;;;;;;;;;;;;;;;
;PQV;AMC;Olefinas I;188-J;Expansor;Kellog;;;;3,3;550;1680;;;Aceite lubricante;57,5;;;;;;;;;;;;;1750;;;;;;;;;;;;;;;;;;;;;;;;;;;;;;;;;;;;;;;;;;
;PQV;AMC;Olefinas I;188-J1;Expansor;Kellog;;;;3,3;550;1680;;;Aceite lubricante;57,5;;;;;;;;;;;;;1750;;;;;;;;;;;;;;;;;;;;;;;;;;;;;;;;;;;;;;;;;;
;PQV;AMC;Olefinas I;189-J;Bomba etileno segundo tren, tope/ fondo 110-E1/E-2;Kellog;;;;;1698;1888;;4,8;Hidrocarburo;-33;1776;;;;;;;;;;;;3530;;;4,52;;;;;;;;;;;;;;;;;;;;;;;;;;;;;;;;;;;;;;;
;PQV;AMC;Olefinas I;189-JA;Bomba etileno segundo tren, tope/ fondo 110-E1/E-3;Kellog;;;;;1698;1888;;4,8;Hidrocarburo;-33;1776;;;;;;;;;;;;3530;;;4,52;;;;;;;;;;;;;;;;;;;;;;;;;;;;;;;;;;;;;;;
;PQV;AMC;Olefinas I;190-J; Bomba primer tren de propileno;Kellog;;;;;1862;2510;;5,9;Reflujo de Hidrocarburo C3;46;1940;;;;;;;;;;;;1780;;;5,4;;;;;;;;;;;;;;;;;;;;;;;;;;;;;;;;;;;;;;;
;PQV;AMC;Olefinas I;190-JA; Bomba primer tren de propileno;Kellog;;;;;1862;2510;;5,9;Reflujo de Hidrocarburo C3;46;1940;;;;;;;;;;;;1780;;;5,4;;;;;;;;;;;;;;;;;;;;;;;;;;;;;;;;;;;;;;;
;PQV;AMC;Olefinas I;191-J;Bomba primer tren de propileno;Kellog;;;;;1945;2560;;8,8;Reflujo de Hidrocarburo C3;50;2010;;;;;;;;;;;;1780;;;5,5;;;;;;;;;;;;;;;;;;;;;;;;;;;;;;;;;;;;;;;
;PQV;AMC;Olefinas I;192-J;Bomba de aguas hidrocarburo 190-F;Kellog;;;;;56;297;;7,6;Agua+Hidrocarburo;43;8,8;;;;;;;;;;;;1760;;;6;;;;;;;;;;;;;;;;;;;;;;;;;;;;;;;;;;;;;;;
;PQV;AMC;Olefinas I;301-J;Bomba Sistema Dox;Kellog;;;;;75;770;;8,71;Agua aceitada;96;88,3;;;;;;;;;;;;3530;;;2,44;;;;;;;;;;;;;;;;;;;;;;;;;;;;;;;;;;;;;;;
;PQV;AMC;Olefinas I;302-JA;Bomba Sistema Dox;kellog;;;;;135;1049;;3,13;Procces Cond. (Agua?);120;200;;;;;;;;;;;;3530;;;2,1;;;;;;;;;;;;;;;;;;;;;;;;;;;;;;;;;;;;;;;
;PQV;AMC;Olefinas I;2210-JE; Bomba de agua enfriamiento;Kellog;;;;;7;521;;8,22;Agua de enfriamiento ;33,3;5,1;;;;;;;;;;;;885;;;6,7;;;;;;;;;;;;;;;;;;;;;;;;;;;;;;;;;;;;;;;
;PQV;AMC;Olefinas II;P 2802 + R;Bomba de agua de proceso;;;Centrífuga;;61,5;;;;;Agua;35;;;994,1;;;;;;;;;;3500;14;;;;;;;;;;;;;;;;;;;;;;;;;;;;;;;;;;;;;;;;;
;PQV;AMC;Olefinas II;P 2802  R;Bomba de agua de proceso;;;Centrífuga;;61,5;;;;;Agua;35;;;994,1;;;;;;;;;;3500;14;;;;;;;;;;;;;;;;;;;;;;;;;;;;;;;;;;;;;;;;;
;PQV;AMC;Olefinas II;P 2803 + R;Bomba de gasolina;;;Centrífuga;;10,3;;;;;Gasolina;35;;;867,9;;;;;;;;;;3500;4,2;;;;;;;;;;;;;;;;;;;;;;;;;;;;;;;;;;;;;;;;;
;PQV;AMC;Olefinas II;P 2803  R;Bomba de gasolina;;;Centrífuga;;10,3;;;;;Gasolina;35;;;867,9;;;;;;;;;;3500;4,2;;;;;;;;;;;;;;;;;;;;;;;;;;;;;;;;;;;;;;;;;
;PQV;AMC;Olefinas II;P 2804 + R;Bomba de agua de ciclo;;;Centrífuga;;516,9;;;;;Agua;86,7;;;967,4;;;;;;;;;;1160;48,1;;;;;;;;;;;;;;;;;;;;;;;;;;;;;;;;;;;;;;;;;
;PQV;AMC;Olefinas II;P 2804  R;Bomba de agua de ciclo;;;Centrífuga;;516,9;;;;;Agua;86,7;;;967,4;;;;;;;;;;1160;48,1;;;;;;;;;;;;;;;;;;;;;;;;;;;;;;;;;;;;;;;;;
;PQV;AMC;Olefinas II;P 2805 + R;Bomba de reciclaje de agua;;;Centrífuga;;2,1;;;;;Agua;86,7;;;967,4;;;;;;;;;;1700;17;;;;;;;;;;;;;;;;;;;;;;;;;;;;;;;;;;;;;;;;;
;PQV;AMC;Olefinas II;P 2805  R;Bomba de reciclaje de agua;;;Centrífuga;;2,1;;;;;Agua;86,7;;;967,4;;;;;;;;;;1700;17;;;;;;;;;;;;;;;;;;;;;;;;;;;;;;;;;;;;;;;;;
;PQV;AMC;Olefinas II;P 2806;Bomba de gasolina;;;Tornillo;;1;;;;;Gasolina;86,7;;;1099,8;;;;;;;;;;1500;4,1;;;;;;;;;;;;;;;;;;;;;;;;;;;;;;;;;;;;;;;;;
;PQV;AMC;Olefinas II;P 3001 + R;Bomba de agua de proceso;;;Centrífuga;;47,8;;;;3,5;Agua de proceso;123,4;;;940,1;;;;;;;;;;3500;38,8;;2;;;;;;;;;;;;;;;;;;;;;;;;;;;;;;;;;;;;;;;
;PQV;AMC;Olefinas II;P 3001  R;Bomba de agua de proceso;;;Centrífuga;;47,8;;;;3,5;Agua de proceso;123,4;;;940,1;;;;;;;;;;3500;38,8;;2;;;;;;;;;;;;;;;;;;;;;;;;;;;;;;;;;;;;;;;
;PQV;AMC;Olefinas II;P 3101 + R;Bomba de condensado de proceso;;;Centrífuga;;49,1;;;;10;Agua condensada;36,7;;;993,8;;;;;;;;;;3550;9,2;;4,5;;;;;;;;;;;;;;;;;;;;;;;;;;;;;;;;;;;;;;;
;PQV;AMC;Olefinas II;P 3101  R;Bomba de condensado de proceso;;;Centrífuga;;49,1;;;;10;Agua condensada;36,7;;;993,8;;;;;;;;;;3550;9,2;;4,5;;;;;;;;;;;;;;;;;;;;;;;;;;;;;;;;;;;;;;;
;PQV;AMC;Olefinas II;P 3102;Bomba de condensado de proceso;;;Centrífuga;;2;;;;10;Agua + HC;37;;;994;;;;;;;;;;1700;0,5;;1;;;;;;;;;;;;;;;;;;;;;;;;;;;;;;;;;;;;;;;
;PQV;AMC;Olefinas II;P 3301 + R;Bomba de aceite principal;;;-;;;;;;;;;;;;;;;;;;;;;;;;;;;;;;;;;;;;;;;;;;;;;;;;;;;;;;;;;;;;;;;
;PQV;AMC;Olefinas II;P 3301  R;Bomba de aceite principal;;;-;;;;;;;;;;;;;;;;;;;;;;;;;;;;;;;;;;;;;;;;;;;;;;;;;;;;;;;;;;;;;;;
;PQV;AMC;Olefinas II;P 3302;Bomba de aceite de emergencia;;;-;;;;;;;;;;;;;;;;;;;;;;;;;;;;;;;;;;;;;;;;;;;;;;;;;;;;;;;;;;;;;;;
;PQV;AMC;Olefinas II;P 3501 A;Bomba de circulación cáustica;;;Centrífuga;;20;;;;10;NaOH 8%;60;;;1090;;;;;;;;;;3500;4,6;;1,3;;;;;;;;;;;;;;;;;;;;;;;;;;;;;;;;;;;;;;;
;PQV;AMC;Olefinas II;P 3501 B ;Bomba de circulación cáustica;;;Centrífuga;;20;;;;10;NaOH 8%;60;;;1090;;;;;;;;;;3500;4,6;;1,3;;;;;;;;;;;;;;;;;;;;;;;;;;;;;;;;;;;;;;;
;PQV;AMC;Olefinas II;P 3501 R;Bomba de circulación cáustica;;;Centrífuga;;20;;;;10;NaOH 8%;60;;;1090;;;;;;;;;;3500;4,6;;1,3;;;;;;;;;;;;;;;;;;;;;;;;;;;;;;;;;;;;;;;
;PQV;AMC;Olefinas II;P 3701 + R;Bomba demetanizadora de la alimentación I;;;Centrífuga;;91,7;;;;2,85;Agua condensada;16;;;497,4;;;;;;;;;;1740;17,3;;1,6;;;;;;;;;;;;;;;;;;;;;;;;;;;;;;;;;;;;;;;
;PQV;AMC;Olefinas II;P 3701  R;Bomba demetanizadora de la alimentación I;;;Centrífuga;;91,7;;;;2,85;Agua condensada;16;;;497,4;;;;;;;;;;1740;17,3;;1,6;;;;;;;;;;;;;;;;;;;;;;;;;;;;;;;;;;;;;;;
;PQV;AMC;Olefinas II;P 3702 + R;Bomba demetanizadora de la alimentación II;;;Centrífuga;;77,6;;;;2,8;Agua condensada;52;;;486,1;;;;;;;;;;1775;19,3;;1,7;;;;;;;;;;;;;;;;;;;;;;;;;;;;;;;;;;;;;;;
;PQV;AMC;Olefinas II;P 3702  R;Bomba demetanizadora de la alimentación II;;;Centrífuga;;77,6;;;;2,8;Agua condensada;52;;;486,1;;;;;;;;;;1775;19,3;;1,7;;;;;;;;;;;;;;;;;;;;;;;;;;;;;;;;;;;;;;;
;PQV;AMC;Olefinas II;P 3801 + R;Bomba demetanizadora de reflujo;;;Centrífuga;;165,2;;;;4;C2 - HC;11.4;;;408,1;;;;;;;;;;3550;89,5;;3;;;;;;;;;;;;;;;;;;;;;;;;;;;;;;;;;;;;;;;
;PQV;AMC;Olefinas II;P 3801  R;Bomba demetanizadora de reflujo;;;Centrífuga;;165,2;;;;4;C2 - HC;11.4;;;408,1;;;;;;;;;;3550;89,5;;3;;;;;;;;;;;;;;;;;;;;;;;;;;;;;;;;;;;;;;;
;PQV;AMC;Olefinas II;P 4001 + R;Bomba demetanizadora de alimentación;;;Centrífuga;;36,1;;;;3,5;C2;109.5;;;348,9;;;;;;;;;;3550;5,4;;2,5;;;;;;;;;;;;;;;;;;;;;;;;;;;;;;;;;;;;;;;
;PQV;AMC;Olefinas II;P 4001  R;Bomba demetanizadora de alimentación;;;Centrífuga;;36,1;;;;3,5;C2;109.5;;;348,9;;;;;;;;;;3550;5,4;;2,5;;;;;;;;;;;;;;;;;;;;;;;;;;;;;;;;;;;;;;;
;PQV;AMC;Olefinas II;P 4002 + R;Bomba de aceite;;;;;;;;;;;;;;;;;;;;;;;;;;;;;;;;;;;;;;;;;;;;;;;;;;;;;;;;;;;;;;;;;;
;PQV;AMC;Olefinas II;P 4002  R;Bomba de aceite;;;;;;;;;;;;;;;;;;;;;;;;;;;;;;;;;;;;;;;;;;;;;;;;;;;;;;;;;;;;;;;;;;
;PQV;AMC;Olefinas II;P 4101 + R;Bomba demetanizadora de relujo;;;Centrífuga;;32,5;;;;4;C2 - HC;96.0;;;290,9;;;;;;;;;;3560;3,9;;2,5;;;;;;;;;;;;;;;;;;;;;;;;;;;;;;;;;;;;;;;
;PQV;AMC;Olefinas II;P 4101  R;Bomba demetanizadora de relujo;;;Centrífuga;;32,5;;;;4;C2 - HC;96.0;;;290,9;;;;;;;;;;3560;3,9;;2,5;;;;;;;;;;;;;;;;;;;;;;;;;;;;;;;;;;;;;;;
;PQV;AMC;Olefinas II;P 4301 + R;Bomba de reflujo separadora de C2;;;Centrífuga;;402,8;;;;4,5;Etileno;32.6;;;446,5;;;;;;;;;;1775;50,5;;3,4;;;;;;;;;;;;;;;;;;;;;;;;;;;;;;;;;;;;;;;
;PQV;AMC;Olefinas II;P 4301  R;Bomba de reflujo separadora de C2;;;Centrífuga;;402,8;;;;4,5;Etileno;32.6;;;446,5;;;;;;;;;;1775;50,5;;3,4;;;;;;;;;;;;;;;;;;;;;;;;;;;;;;;;;;;;;;;
;PQV;AMC;Olefinas II;P 4502;Bomba de aceite de emergencia;;;;;;;;;;;;;;;;;;;;;;;;;;;;;;;;;;;;;;;;;;;;;;;;;;;;;;;;;;;;;;;;;;
;PQV;AMC;Olefinas II;P 5101 + R;Bomba depropanizadora de reflujo;;;Centrífuga;;124,3;;;;3,5;C3 - HC;27.6;;;495.2;;;;;;;;;;1740;20,2;;1,8;;;;;;;;;;;;;;;;;;;;;;;;;;;;;;;;;;;;;;;
;PQV;AMC;Olefinas II;P 5101  R;Bomba depropanizadora de reflujo;;;Centrífuga;;124,3;;;;3,5;C3 - HC;27.6;;;495.2;;;;;;;;;;1740;20,2;;1,8;;;;;;;;;;;;;;;;;;;;;;;;;;;;;;;;;;;;;;;
;PQV;AMC;Olefinas II;P 5501;Bomba de aceite principal;;;;;;;;;10;Propileno;;;;;;;;;;;;;;;;;;;;;;;;;;;;;;;;;;;;;;;;;;;;;;;;;;;;;;;;
;PQV;AMC;Olefinas II;P 5502;Bomba de aceite auxiliar;;;;;;;;;;;;;;;;;;;;;;;;;;;;;;;;;;;;;;;;;;;;;;;;;;;;;;;;;;;;;;;;;;
;PQV;AMC;Olefinas II;P 5701 + R;Bomba debutanizadora de reflujo;;;Centrífuga;;28,5;;;;2,5;C4 - HC;61.0;;;541.3;;;;;;;;;;3470;3,2;;1,4;;;;;;;;;;;;;;;;;;;;;;;;;;;;;;;;;;;;;;;
;PQV;AMC;Olefinas II;P 5701  R;Bomba debutanizadora de reflujo;;;Centrífuga;;28,5;;;;2,5;C4 - HC;61.0;;;541.3;;;;;;;;;;3470;3,2;;1,4;;;;;;;;;;;;;;;;;;;;;;;;;;;;;;;;;;;;;;;
;PQV;AMC;Olefinas II;P 6101 + R;Bomba de reciclo;;;Centrífuga;;25,4;;;;3;H2 + HC;40;;;803;;;;;;;;;;3550;12,5;;1,7;;;;;;;;;;;;;;;;;;;;;;;;;;;;;;;;;;;;;;;
;PQV;AMC;Olefinas II;P 6101  R;Bomba de reciclo;;;Centrífuga;;25,4;;;;3;H2 + HC;40;;;803;;;;;;;;;;3550;12,5;;1,7;;;;;;;;;;;;;;;;;;;;;;;;;;;;;;;;;;;;;;;
;PQV;AMC;Olefinas II;P 6201 + R;Bomba de producto de gasolina;;;Centrífuga;;10,4;;;;3;Gasolina (HC);164;;;664;;;;;;;;;;3550;3,7;;1;;;;;;;;;;;;;;;;;;;;;;;;;;;;;;;;;;;;;;;
;PQV;AMC;Olefinas II;P 6201  R;Bomba de producto de gasolina;;;Centrífuga;;10,4;;;;3;Gasolina (HC);164;;;664;;;;;;;;;;3550;3,7;;1;;;;;;;;;;;;;;;;;;;;;;;;;;;;;;;;;;;;;;;
;PQV;AMC;Olefinas II;P 6301 + R;Bomba de reflujo de una columna para redestilación;;;Centrífuga;;3,5;;;;4,3;HC;55;;;792;;;;;;;;;;3430;1,3;;0,7;;;;;;;;;;;;;;;;;;;;;;;;;;;;;;;;;;;;;;;
;PQV;AMC;Olefinas II;P 6301  R;Bomba de reflujo de una columna para redestilación;;;Centrífuga;;3,5;;;;4,3;HC;55;;;792;;;;;;;;;;3430;1,3;;0,7;;;;;;;;;;;;;;;;;;;;;;;;;;;;;;;;;;;;;;;
;PQV;AMC;Olefinas II;P 6302 + R;Bomba para una columna de redestilación de fondo;;;Centrífuga;;25,5;;;;3;HC;181;;;792;;;;;;;;;;3500;24,8;;2;;;;;;;;;;;;;;;;;;;;;;;;;;;;;;;;;;;;;;;
;PQV;AMC;Olefinas II;P 6302  R;Bomba para una columna de redestilación de fondo;;;Centrífuga;;25,5;;;;3;HC;181;;;792;;;;;;;;;;3500;24,8;;2;;;;;;;;;;;;;;;;;;;;;;;;;;;;;;;;;;;;;;;
;PQV;AMC;Olefinas II;P 6303 + R;Bomba de alimentación del primer reactor;;;Centrífuga;;8,6;;;;;;55;;;792;;;;;;;;;;3530;15,6;;;;;;;;;;;;;;;;;;;;;;;;;;;;;;;;;;;;;;;;;
;PQV;AMC;Olefinas II;P 6303  R;Bomba de alimentación del primer reactor;;;Centrífuga;;8,6;;;;;;55;;;792;;;;;;;;;;3530;15,6;;;;;;;;;;;;;;;;;;;;;;;;;;;;;;;;;;;;;;;;;
;PQV;AMC;Olefinas II;P 8201 + R;Bomba de condensado para turbina;KSB;;Centrífuga;;109;;;;;;60;;;983;;;;;;;;;;1750;41;;;;;;;;;;;;;;;;;;;;;;;;;;;;;;;;;;;;;;;;;
;PQV;AMC;Olefinas II;P 8201  R;Bomba de condensado para turbina;KSB;;Centrífuga;;109;;;;;;60;;;983;;;;;;;;;;1750;41;;;;;;;;;;;;;;;;;;;;;;;;;;;;;;;;;;;;;;;;;
;PQV;AMC;Olefinas II;P 8203 + R;Bomba de condensado;;;Centrífuga;;28,8;;;;3,5;Agua condensada;100;;;958.1;;;;;;;;;;3500;23;;1,8;;;;;;;;;;;;;;;;;;;;;;;;;;;;;;;;;;;;;;;
;PQV;AMC;Olefinas II;P 8203  R;Bomba de condensado;;;Centrífuga;;28,8;;;;3,5;Agua condensada;100;;;958.1;;;;;;;;;;3500;23;;1,8;;;;;;;;;;;;;;;;;;;;;;;;;;;;;;;;;;;;;;;
;PQV;AMC;Olefinas II;P 8204 + R;Bomba de condensado para turbina;KSB;;Centrífuga;;8;;;;;;60;;;983;;;;;;;;;;1750;1,1;;;;;;;;;;;;;;;;;;;;;;;;;;;;;;;;;;;;;;;;;
;PQV;AMC;Olefinas II;P 8204  R;Bomba de condensado para turbina;KSB;;Centrífuga;;8;;;;;;60;;;983;;;;;;;;;;1750;1,1;;;;;;;;;;;;;;;;;;;;;;;;;;;;;;;;;;;;;;;;;
;PQV;AMC;Olefinas II;P 8205 + R;Bomba de condensado para turbina;KSB;;Centrífuga;;8;;;;;;60;;;983;;;;;;;;;;1750;1,1;;;;;;;;;;;;;;;;;;;;;;;;;;;;;;;;;;;;;;;;;
;PQV;AMC;Olefinas II;P 8205  R;Bomba de condensado para turbina;KSB;;Centrífuga;;8;;;;;;60;;;983;;;;;;;;;;1750;1,1;;;;;;;;;;;;;;;;;;;;;;;;;;;;;;;;;;;;;;;;;
;PQV;AMC;Olefinas II;P 8301 + R;Bomba de agua alimentada al rehervidor;;;Centrífuga;;208,4;;;;13;Agua;120;;;942,9;;;;;;;;;;;6;;8;;;;;;;;;;;;;;;;;;;;;;;;;;;;;;;;;;;;;;;
;PQV;AMC;Olefinas II;P 8301  R;Bomba de agua alimentada al rehervidor;;;Centrífuga;;208,4;;;;13;Agua;120;;;942.9;;;;;;;;;;;6;;8;;;;;;;;;;;;;;;;;;;;;;;;;;;;;;;;;;;;;;;
;PQV;AMC;Olefinas II;P 8302;Bomba principal de aceite;;;;;;;;;;;;;;;;;;;;;;;;;;;;;;;;;;;;;;;;;;;;;;;;;;;;;;;;;;;;;;;;;;
;PQV;AMC;Olefinas II;P 8303;Bomba de aceite auxiliar;;;;;;;;;;;;;;;;;;;;;;;;;;;;;;;;;;;;;;;;;;;;;;;;;;;;;;;;;;;;;;;;;;
;PQV;AMC;Olefinas II;P 8304;Bomba de doficación de hidracina;;;Reciprocante;;;;;350;9;1,5% hidracina - DM + Agua;30;;;984,9;;;;;;;;;;;100;;1;;;;;;;;;;;;;;;;;;;;;;;;;;;;;;;;;;;;;;;
;PQV;AMC;Olefinas II;P 8305;Bomba principal de aceite;;;;;;;;;;;;;;;;;;;;;;;;;;;;;;;;;;;;;;;;;;;;;;;;;;;;;;;;;;;;;;;;;;
;PQV;AMC;Olefinas II;P 8306;Bomba de aceite auxiliar;;;;;;;;;;;;;;;;;;;;;;;;;;;;;;;;;;;;;;;;;;;;;;;;;;;;;;;;;;;;;;;;;;
;PQV;AMC;Olefinas II;P 8503 + R;Bomba de doficación de DMDS;;;;;;;;;3;DMDS;;;;;;;;;;;;;;;;;3;;;;;;;;;;;;;;;;;;;;;;;;;;;;;;;;;;;;;;;
;PQV;AMC;Olefinas II;P 8503  R;Bomba de doficación de DMDS;;;;;;;;;3;DMDS;;;;;;;;;;;;;;;;;3;;;;;;;;;;;;;;;;;;;;;;;;;;;;;;;;;;;;;;;
;PQV;AMC;Olefinas II;P 8505;Bomba de relleno de DMDS;;;;;;;;;;;;;;;;;;;;;;;;;;;;;;;;;;;;;;;;;;;;;;;;;;;;;;;;;;;;;;;;;;
;PQV;AMC;Olefinas II;P 8801;Purga;;;Centrífuga;;3;;;140;2;HC;40;;;792,7;;;;;;;;;;1690;0,52;;0,7;;;;;;;;;;;;;;;;;;;;;;;;;;;;;;;;;;;;;;;
;PQV;AMC;Clorosoda;E1-P102 A;Bomba de salmuera clarificada (cruda);INGERSOLL RAND;GRUPO 1 ESP. 1.5X1X6;Centrifuga;5;8;25;250;;5,998464;Salmuera cruda;34,44;4;;1030;;;;;;;;;;3600;;;;;1;;;;;;;;;;;;;;;;;;;;;;;;;;;;;;;;;;;;;
;PQV;AMC;Clorosoda;E1-P102 B;Bomba de salmuera clarificada (cruda);INGERSOLL RAND;GRUPO 1 ESP. 1.5X1X6;Centrifuga;5;8;25;250;;5,998464;Salmuera cruda;34,44;4;;1030;;;;;;;;;;3600;;;;;1;;;;;;;;;;;;;;;;;;;;;;;;;;;;;;;;;;;;;
;PQV;AMC;Clorosoda;E1-P103 A;Bomba de salmuera cruda al 25%;DURCO;2K 6X4-10H/81 M3G2;Centrifuga;209,17752;;-0,21;186,8;;6,7056;Salmuera cruda al 25%;60;4;;1180;;;;;;;;;MIII8385V;1800;19,5;;4,2672;;1;;;;;;;;;;;;20;1800;;;;;;;;;;;;;;;;;;;;;;;;
;PQV;AMC;Clorosoda;E1-P103 B;Bomba de salmuera cruda al 25%;DURCO;2K 6X4-10H/81 M3G2;Centrifuga;209,17752;;-0,21;186,8;;6,7056;Salmuera cruda al 25%;60;4;;1180;;;;;;;;;MIII8385V;1800;19,5;;4,2672;;1;;;TEFC;;;;;;;;;20;1800;;;;;;;;;;;;;;;;;;;;;;;;
;PQV;AMC;Clorosoda;E1-P104 A;Bomba de lodos de salmuera clarificada ;;;;;11,4;;;;;;;;;;;;;;;;;;;;;;;;;;;;;;;;;;;;;;;;;;;;;;;;;;;;;;;;;;;;;
;PQV;AMC;Clorosoda;E1-P104 B;Bomba de lodos de salmuera clarificada ;;;;;11,4;;;;;;;;;;;;;;;;;;;;;;;;;;;;;;;;;;;;;;;;;;;;;;;;;;;;;;;;;;;;;
;PQV;AMC;Clorosoda;E1-P105 A;Bomba de recuperación de salmuera tratada;;;;9,44;12;21;208;;7,8;soda caustica;34;6,9;21;;;;;;;;;;;7500;3,15;38;;18,3;;;;TEFC;;;;;;;;;3;3600;;;;;;;;;;;;;;;;;;;;;;;;
;PQV;AMC;Clorosoda;E1-P105 B;Bomba de recuperación de salmuera tratada;;;;9,44;12;21;208;;7,8;soda caustica;34;6,9;21;;;;;;;;;;;7500;3,15;38;;18,3;;;;TEFC;;;;;;;;;3;3600;;;;;;;;;;;;;;;;;;;;;;;;
;PQV;AMC;Clorosoda;E1-P106 A;Bomba de lodos de salmuera tratada;DURCO;3196ST 2x 3-6;Centrifuga;12;;-0,4;796,6;;7,1628; Lodos de salmuera tratada al 21,2%;34;4;;1161;;;;;;;;;;3500;;;;;1;;;;;;;;;;;;;;;;;;;;;;;;;;;;;;;;;;;;;
;PQV;AMC;Clorosoda;E1-P106 B;Bomba de lodos de salmuera tratada;DURCO;3196ST 2x 3-6;Centrifuga;12;;-0,4;796,6;;7,1628; Lodos de salmuera tratada al 21,2%;34;4;;1161;;;;;;;;;;3500;;;;;1;;;;;;;;;;;;;;;;;;;;;;;;;;;;;;;;;;;;;
;PQV;AMC;Clorosoda;E1-P107 A;Bomba de salmuera a filtraciones primarias;DURCO;2K 6X4-13A/115 M3G2;Centrifuga;236,2048;;-0,4;427;;6,7056;Salmuera al 24,8 %;34,44;4;;1180;;;;;;;;;;;;;3,048;;1;;33;TEFC;;;;;;;;Reliance;60;1750;;;;;;;;;;;;;;;;;;;;;;;;
;PQV;AMC;Clorosoda;E1-P107 B;Bomba de salmuera a filtraciones primarias;DURCO;2K 6X4-13A/115 M3G2;Centrifuga;236,2048;;-0,4;427;;6,7056;Salmuera al 24,8 %;34,44;4;;1180;;;;;;;;;;;;;3,048;;1;;33;TEFC;;;;;;;;Reliance;60;1750;;;;;;;;;;;;;;;;;;;;;;;;
;PQV;AMC;Clorosoda;E1-P108 A;Bomba de salmuera a filtraciones secundarias;DURCO;3K 6X4-16/136 M3G3;Centrifuga;237,5;;-0,21;686;;7,0104;Salmuera al 24,8 %;34,44;0;;1184;;;;;;;;;;1780;;;2,74;;1;;;TEFC;;;;;;;;Reliance;125;1780;;;;;;;;;;;;;;;;;;;;;;;;
;PQV;AMC;Clorosoda;E1-P108 B;Bomba de salmuera a filtraciones secundarias;DURCO;3K 6X4-16/136 M3G3;Centrifuga;237,5;;-0,21;686;;7,0104;Salmuera al 24,8 %;34,44;0;;1184;;;;;;;;;;1780;;;2,74;;1;;;TEFC;;;;;;;;Reliance;125;1780;;;;;;;;;;;;;;;;;;;;;;;;
;PQV;AMC;Clorosoda;E1-P111;Bomba de salmuera de contralavado;DURCO;2K6 X 4-13A/124 SO;Centrifuga;214,86;;-0,34;350;;6,7056;Salmuera al 24,8 %;38,3;0,35;;1180;1,09;;;;;;;;;1750;;;2,13;;1;;;TEFC;;;;;;;;Reliance;75;1750;;;;;;;;;;;;;;;;;;;;;;;;
;PQV;AMC;Clorosoda;E1-P112 A;Bomba de salmuera a tratamiento secundario;DURCO;3K6 X 4-16/151 M3G3;Centrifuga;208,95;;0,4;899;;6,7056;Salmuera al 24,8 %;34,44;0,4;;1180;;;;;;;;;;1800;155;;2,74;;1;;;TEFC;;;;;;;;Reliance;150;1800;;;;;;;;;;;;;;;;;;;;;;;;
;PQV;AMC;Clorosoda;E1-P112 B;Bomba de salmuera a tratamiento secundario;DURCO;3K6 X 4-16/151 M3G3;Centrifuga;208,95;;0,4;899;;6,7056;Salmuera al 24,8 %;34,44;0,4;;1180;;;;;;;;;;1800;155;;2,74;;1;;;TEFC;;;;;;;;Reliance;150;1800;;;;;;;;;;;;;;;;;;;;;;;;
;PQV;AMC;Clorosoda;E1-P113;Bomba de regeneración de ácido clorhídrico;;;Magnetica;24,9832;;3;318;;8,2296;Acido clohidrico al 15 %;34,44;3;;1033;;;;;;;;;;3600;;;;;1;;;;;;;;;;;;;;;;;;;;;;;;;;;;;;;;;;;;;
;PQV;AMC;Clorosoda;E1-P114;Bomba de regeneración de soda;DURCO;1K 3X 1 1/2-62/51 M3G1;Centrifuga;24,98;;3;404;;8,23;Soda caustica;34,44;;;1081;;;;;;;;;;3500;6,7;;1,7;;1;;;TEFCXT;;;;;;;;Reliance;7,5;3600;;;;;;;;;;;;;;;;;;;;;;;;
;PQV;AMC;Clorosoda;E1-P115 A;Bomba de efluentes de regeneración;DURCO;3X2F-10/70 M2G2;Centrifuga;19,98656;;4;125;;8,5344;NaCl y CaCl;40;7;;1000;0,66;;;;;;;;MII7R278V;1750;3;;1,21;;1;;;TEFC;;;;;;;;Reliance;3;1750;;;;;;;;;;;;;;;;;;;;;;;;
;PQV;AMC;Clorosoda;E1-P115 B;Bomba de efluentes de regeneración;DURCO;3X2F-10/70 M2G2;Centrifuga;19,98656;;4;125;;8,5344;NaCl y CaCl;40;7;;1000;0,66;;;;;;;;MII7R278V;1750;3;;1,21;;1;;;TEFC;;;;;;;;Reliance;3;1750;;;;;;;;;;;;;;;;;;;;;;;;
;PQV;AMC;Clorosoda;E1-P116 A;Bomba de salmuera ultra pura;DURCO;2K 6X4-13A/114 M2G2;Centrifuga;195,78;;-11;418;;6,4008;Salmuera ultra pura;63,33;8,6;;1173;0,95;;;;;;;;MIII8125BV;1780;47;;2,44;;1;;;TEFC;;;;;;;;Reliance;30;1780;;;;;;;;;;;;;;;;;;;;;;;;
;PQV;AMC;Clorosoda;E1-P116 B;Bomba de salmuera ultra pura;DURCO;2K 6X4-13A/114 M2G2;Centrifuga;195,78;;-11;418;;6,4008;Salmuera ultra pura;63,33;8,6;;1173;0,95;;;;;;;;MIII8125BV;1780;47;;2,44;;1;;;TEFC;;;;;;;;Reliance;30;1780;;;;;;;;;;;;;;;;;;;;;;;;
;PQV;AMC;Clorosoda;E1-P117 A;Bomba de salmuera agotada con cloro gaseoso;DURCO;2K 6X4-13A/104 M3G2;Centrifuga;184,87568;;0;315;;3,6576;Salmuera agotada clorada;90;50;;1090;0,5;;;;;;;;MIII8125BV;1780;30;;2,44;;1;;;TEFC;;;;;;;;Reliance;40;1780;;;;;;;;;;;;;;;;;;;;;;;;
;PQV;AMC;Clorosoda;E1-P117 B;Bomba de salmuera agotada con cloro gaseoso;DURCO;2K 6X4-13A/104 M3G2;Centrifuga;184,87568;;0;315;;3,6576;Salmuera agotada clorada;90;50;;1090;0,5;;;;;;;;MIII8125BV;1780;30;;2,44;;1;;;TEFC;;;;;;;;Reliance;40;1780;;;;;;;;;;;;;;;;;;;;;;;;
;PQV;AMC;Clorosoda;E1-P118 A;Bomba de salmuera de destrucción de cloratos;DURCO;1J3X1 1/2- 6/47 ;Centrifuga;28,16;;3;231;;4,57;Salmuera al 17,5 %;100;8,6;;1084;0,43;;;;;;;;MII7100CV;3600;4,4;;3,66;;1;;;TEFC;;;;;;;;Reliance;;3600;;;;;;;;;;;;;;;;;;;;;;;;
;PQV;AMC;Clorosoda;E1-P118 B;Bomba de salmuera de destrucción de cloratos;DURCO;1J3X1 1/2- 6/47 ;Centrifuga;28,16;;3;231;;4,57;Salmuera al 17,5 %;100;8,6;;1084;0,43;;;;;;;;MII7100CV;3600;4,4;;3,66;;1;;;TEFC;;;;;;;;Reliance;;3600;;;;;;;;;;;;;;;;;;;;;;;;
;PQV;AMC;Clorosoda;E1-P119 A;Bomba de salmuera declorinada;DURCO;2K 6X4-13A/121 M3G2;Centrifuga;195,781;;-0,7;470;;4,48;Salmuera declorinada al 16,7 %;90,56;4;;1093;0,5;;;;;;;;MIII8125BV;1780;54;;2,44;;1;;;TEFC;;;;;;;;Reliance;60;1780;;;;;;;;;;;;;;;;;;;;;;;;
;PQV;AMC;Clorosoda;E1-P119 B;Bomba de salmuera declorinada;DURCO;2K 6X4-13A/121 M3G2;Centrifuga;195,781;;-0,7;470;;4,48;Salmuera declorinada al 16,7 %;90,56;4;;1093;0,5;;;;;;;;MIII8125BV;1780;54;;2,44;;1;;;TEFC;;;;;;;;Reliance;60;1780;;;;;;;;;;;;;;;;;;;;;;;;
;PQV;AMC;Clorosoda;E1-P121 A;Bomba de sulfito de sodio;DURCO;1K1 1/2X1-62/57 M3G1;Centrifuga;13,6272;;-1;450;;7,62;Sulfato de sodio (Na2SO3 al 15 %);30;5,3;;1138;1,63;;;;;;;;MIII7030V;3600;6,6;;0,91;;1;;;TEFC;;;;;;;;Reliance;;3600;;;;;;;;;;;;;;;;;;;;;;;;
;PQV;AMC;Clorosoda;E1-P121 B;Bomba de sulfito de sodio;DURCO;1K1 1/2X1-62/57 M3G2;Centrifuga;13,6272;;-1;450;;7,62;Sulfato de sodio (Na2SO3 al 15 %);30;5,3;;1138;1,63;;;;;;;;MIII7030V;3600;6,6;;0,91;;1;;;TEFC;;;;;;;;Reliance;;3600;;;;;;;;;;;;;;;;;;;;;;;;
;PQV;AMC;Clorosoda;E1-P122;Bomba de salmuera agotada fuera de especif.;DURCO;1K 3X2-6/50 M3G1;Centrifuga;42,47144;;-1;269;;5,7912;Salmuera agotada fuera de especif. (Cl2 y HCl);88,88;45,7;;1111;0,95;;;;;;;;MII7120V;3600;6,2;;2,44;;1;;;TEFC;;;;;;;;Reliance;7,5;3600;;;;;;;;;;;;;;;;;;;;;;;;
;PQV;AMC;Clorosoda;E1-P123 A;Bomba de cloruro de calcio;DURCO;1J 1 /2X1-4/36 M2G1;Centrifuga;2,72544;;0,21;223;;7,0104;Cloruro de calcio al 25%;21,67;5,13;;1220;-0,03;;;;;;;;MIII7150V;3600;0,76;;0,91;;1;;;TEFC;;;;;;;;Reliance;;3600;;;;;;;;;;;;;;;;;;;;;;;;
;PQV;AMC;Clorosoda;E1-P123 B;Bomba de cloruro de calcio;DURCO;1J 1 /2X1-4/36 M2G2;Centrifuga;2,72544;;0,21;223;;7,0104;Cloruro de calcio al 25%;21,67;5,13;;1220;-0,03;;;;;;;;MIII7150V;3600;0,76;;0,91;;1;;;TEFC;;;;;;;;Reliance;;3600;;;;;;;;;;;;;;;;;;;;;;;;
;PQV;AMC;Clorosoda;E1-P124 A;Bomba de cloruro de bario;DURCO;1K 1 1/2X1-62/50 M3G1;Centrifuga;17,034;;-2;241;;7,62;Cloruro de bario al 15%;21,66;5,3;;1140;;;;;;;;;MIII7030V;3500;4,1;;1,22;;1;;;TEFC;;;;;;;;Reciliance;5;3500;;;;;;;;;;;;;;;;;;;;;;;;
;PQV;AMC;Clorosoda;E1-P124 B;Bomba de cloruro de bario;DURCO;1K 1 1/2X1-62/50 M3G2;Centrifuga;17,034;;-2;241;;7,62;Cloruro de bario al 15%;21,66;5,3;;1140;;;;;;;;;MIII7030V;3500;4,1;;1,22;;1;;;TEFC;;;;;;;;Reciliance;5;3500;;;;;;;;;;;;;;;;;;;;;;;;
;PQV;AMC;Clorosoda;E1-P125 A;Bomba de doficación de soda cáustica al 12 %;DURCO;2K 2X1-10A/67 M2G2;Centrifuga;18,1696;;-0,21;583;;7,0104;Soda caustica al 12 %;43,33;10;;1120;1,2;;;;;;;;MIII8390AV;3600;10;;0,61;;1;;;TEFC;;;;;;;;Reciliance;15;3600;;;;;;;;;;;;;;;;;;;;;;;;
;PQV;AMC;Clorosoda;E1-P125 B;Bomba de doficación de soda cáustica al 12 %;DURCO;2K 2X1-10A/67 M2G2;Centrifuga;18,1696;;-0,21;583;;7,0104;Soda caustica al 12 %;43,33;10;;1120;1,2;;;;;;;;MIII8390AV;3600;10;;0,61;;1;;;TEFC;;;;;;;;Reciliance;15;3600;;;;;;;;;;;;;;;;;;;;;;;;
;PQV;AMC;Clorosoda;E1-P126 A;Bomba de carbonato de sodio;DURCO;1J 11/2X1-4/36 M2G1;Centrifuga;2,2712;;-0,07;220,8;;6,7056;Carbonato de sodio (Na2CO3);65,56;7,3;;1150;;;;;;;;;MII7150V;3600;0,71;;0,91;;1;;;TEFC;;;;;;;;Reciliance;;3600;;;;;;;;;;;;;;;;;;;;;;;;
;PQV;AMC;Clorosoda;E1-P126 B;Bomba de carbonato de sodio;DURCO;1J 11/2X1-4/36 M2G1;Centrifuga;2,2712;;-0,07;220,8;;6,7056;Carbonato de sodio (Na2CO3);65,56;7,3;;1150;;;;;;;;;MII7150V;3600;0,71;;0,91;;1;;;TEFC;;;;;;;;Reciliance;;3600;;;;;;;;;;;;;;;;;;;;;;;;
;PQV;AMC;Clorosoda;E1-P129;Bomba de fosa de área de regeneración (agua);;;;;;;;;;;;;;;;;;;;;;;;;;;;;;;;;;;;;;;;;;;;;;;;;;;;;;;;;;;;;;;;;;
;PQV;AMC;Clorosoda;E1-P130;Bomba de cloruro de calcio;DURCO;1K 3X1 1/2 -62/51 M3G1;Centrifuga;18,2;;-0,5;74;;6,7056;Cloruro de calcio al 25%;21,67;5,1;;1220;283;;;;;;;;MIII7107V;1800;0,95;;0,91;;1;;;TEFC;;;;;;;;Reciliance;;3600;;;;;;;;;;;;;;;;;;;;;;;;
;PQV;AMC;Clorosoda;E1-P131 A;Bomba de cloruro de bario;DURCO;1K 3X11/2-62/51 M3G1;Centrifuga;18,2;;-0,14;69;;6,7056;Cloruro de bario al 25%;21,67;5,3;;1140;0,92;;;;;;;;MIII7107V;1800;;;0,91;;1;;;TEFC;;;;;;;;Reciliance;;1800;;;;;;;;;;;;;;;;;;;;;;;;
;PQV;AMC;Clorosoda;E1-P131 B;Bomba de cloruro de bario;DURCO;1K 3X11/2-62/51 M3G1;Centrifuga;18,2;;-0,14;69;;6,7056;Cloruro de bario al 25%;21,67;5,3;;1140;0,92;;;;;;;;MIII7107V;1800;;;0,91;;1;;;TEFC;;;;;;;;Reciliance;;1800;;;;;;;;;;;;;;;;;;;;;;;;
;PQV;AMC;Clorosoda;E1-P132;Bomba de sulfito de sodio;DURCO;1K 3X1 1/2-62/47 M3G1;Centrifuga;11,99;;6,2;79;;7,62;Sulfito de sodio al 15 %;38;5,3;;1138;1,63;;;;;;;;MIII7107N;1800;0,67;;0,91;;1;;;TEFC;;;;;;;;Reciliance;1;1800;;;;;;;;;;;;;;;;;;;;;;;;
;PQV;AMC;Clorosoda;E1-P133;Bomba de carbonato de sodio;DURCO;1J 11/2X1-4/36 M2G1;Centrifuga;2,72544;;1,58;205;;5,4864;Carbonato de sodio al 15%;65,55;7,3;;1120;0,72;;;;;;;;MIII7150V;3600;0,62;;0,91;;1;;;TEFC;;;;;;;;Reciliance;;3600;;;;;;;;;;;;;;;;;;;;;;;;
;PQV;AMC;Clorosoda;E1-P134 A;Bomba fosa de salmuera a filtraciones sec.;INGERSOLL-RAND;1 1/2X1X6 ESP;Centrifuga;10;13;21,6;213;;7,41;Salmuera al 24,8 %;48;9;;1180;1,09;;;;;;;;;3500;2,22;37,5;;28,9;1;;;TEFC;;;;;;;;Reciliance;3;3600;;;;;;;;;;;;;;;;;;;;;;;;
;PQV;AMC;Clorosoda;E1-P134 B;Bomba fosa de salmuera a filtraciones sec.;INGERSOLL-RAND;1 1/2X1X6 ESP;Centrifuga;10;13;21,6;213;;7,41;Salmuera al 24,8 %;48;9;;1180;1,09;;;;;;;;;3500;2,22;37,5;;28,9;1;;;TEFC;;;;;;;;Reciliance;3;3600;;;;;;;;;;;;;;;;;;;;;;;;
;PQV;AMC;Clorosoda;E1-P161 A;Bomba de precoat;DURCO;2K6 X 4-13A/120 SO;Centrifuga;191,9164;;101,4;430;;7,0104;Salmuera al 26 %;60;8,6;;1180;;;;;;;;;MIII8125BV;1750;;;;;1;;;TEFC;;;;;;;;Reciliance;50;1750;;;;;;;;;;;;;;;;;;;;;;;;
;PQV;AMC;Clorosoda;E1-P161 B;Bomba de precoat;DURCO;2K6 X 4-13A/120 SO;Centrifuga;191,9164;;101,4;430;;7,0104;Salmuera al 26 %;60;8,6;;1180;;;;;;;;;MIII8125BV;1750;;;;;1;;;TEFC;;;;;;;;Reciliance;50;1750;;;;;;;;;;;;;;;;;;;;;;;;
;PQV;AMC;Clorosoda;E1-P162 A;Bomba de salmuera a filtraciones sec.;MILTON ROY;FR261-96 ;Desp. potivo;0,1498992;;689;702;;;Salmuera al 26 %;60;8,6;;1300;;;;;;;;;;;;;;;;;;;;;;;;;;Reciliance;1;1750;;;;;;;;;;;;;;;;;;;;;;;;
;PQV;AMC;Clorosoda;E1-P162 B;Bomba de salmuera a filtraciones sec.;MILTON ROY;FR261-96 ;Desp. potivo;0,1498992;;689;702;;;Salmuera al 26 %;60;8,6;;1300;;;;;;;;;;;;;;;;;;;;;;;;;;Reciliance;1;1750;;;;;;;;;;;;;;;;;;;;;;;;
;PQV;AMC;Clorosoda;E1-P181;Floculante;;;;;;;;;;;;;;;;;;;;;;;;;;;;;;;;;;;;;;;;;;;;;;;;;;;;;;;;;;;;;;;;;;
;PQV;AMC;Clorosoda;E1-P182;Floculante;;;;;;;;;;;;;;;;;;;;;;;;;;;;;;;;;;;;;;;;;;;;;;;;;;;;;;;;;;;;;;;;;;
;PQV;AMC;Clorosoda;E1-P183 A;Bomba de Floculante;LIQUIFLO;37FS1633L10 CF8M;Desp. potivo;0,45;;140;210;;;Floculante;34;;;1010;;;;;;;;;;;;;;;;;;;;;;;;;;;1;;;;;;;;;;;;;;;;;;;;;;;;;
;PQV;AMC;Clorosoda;E1-P183 B;Bomba de Floculante;LIQUIFLO;37FS1633L10 CF8M;Desp. potivo;0,45;;140;210;;;Floculante;34;;;1010;;;;;;;;;;;;;;;;;;;;;;;;;;;1;;;;;;;;;;;;;;;;;;;;;;;;;
;PQV;AMC;Clorosoda;E1-P191 A;Bomba de vacío de declorinación;FRIEDRICHS FELD;FGP-50;Bombas de vacio;;;;;;;;;;;;;;;;;;;;;;;;;;;;;;;;;;;;;;;;;;;;;;;;;;;;;;;;;;;;;;;
;PQV;AMC;Clorosoda;E1-P191 B;Bomba de vacío de declorinación;FRIEDRICHS FELD;FGP-50;Bombas de vacio;;;;;;;;;;;;;;;;;;;;;;;;;;1;;;;;;;;;;;;;;;;;;;;;;;;;;;;;;;;;;;;;
;PQV;AMC;Clorosoda;E1-P195 A;Bomba de soda cáustica al 32%;DURCO;2K4x3-10/76;Centrifuga;;;;;;;Soda caustica al 32 %;;;;;;;;;;;;;;;;;;;1;;;;;;;;;;;;;;;;;;;;;;;;;;;;;;;;;;;;;
;PQV;AMC;Clorosoda;E1-P195 B;Bomba de soda cáustica al 32%;DURCO;2K4x3-10/76;Centrifuga;;;;;;;Soda caustica al 32 %;;;;;;;;;;;;;;;;;;;1;;;;;;;;;;;;;;;;;;;;;;;;;;;;;;;;;;;;;
;PQV;AMC;Clorosoda;E1-P196 A;Bomba de soda cáustica al 32%;DURCO;2K4x3-10/76;Centrifuga;;;;;;;Soda caustica al 32 %;;;;;;;;;;;;;;;;;;;1;;;;;;;;;;;;;;;;;;;;;;;;;;;;;;;;;;;;;
;PQV;AMC;Clorosoda;E1-P196 B;Bomba de soda cáustica al 32%;DURCO;2K4x3-10/76;Centrifuga;;;;;;;Soda caustica al 32 %;;;;;;;;;;;;;;;;;;;1;;;;;;;;;;;;;;;;;;;;;;;;;;;;;;;;;;;;;
;PQV;AMC;Clorosoda;E1-P197 A;Bomba de acido clorhidrico HCL;DURCO;2K4x3-10/76;Centrifuga;;;;;;;Acido clohidrico (HCl);;;;;;;;;;;;;;;;;;;1;;;;;;;;;;;;;;;;;;;;;;;;;;;;;;;;;;;;;
;PQV;AMC;Clorosoda;E1-P197 B;Bomba de acido clorhidrico HCL;DURCO;2K4x3-10/76;Centrifuga;;;;;;;Acido clohidrico (HCl);;;;;;;;;;;;;;;;;;;1;;;;;;;;;;;;;;;;;;;;;;;;;;;;;;;;;;;;;
;PQV;AMC;Clorosoda;E1-P198 A;Bomba de acido clorhidrico HCL;CHEM METER;240N-86PE-FF;Desp. potivo;;;;;;;;;;;;;;;;;;;;;;;;;;;;;;;;;;;;;;;;;;;;;;;;;;;;;;;;;;;;;;;
;PQV;AMC;Clorosoda;E1-P198 B;Bomba de acido clorhidrico HCL;;;;;;;;;;;;;;;;;;;;;;;;;;;;;;;;;;;;;;;;;;;;;;;;;;;;;;;;;;;;;;;;;;
;PQV;AMC;Clorosoda;E2-P201 A;Bomba fosa de salmuera clorada en sala de celda;FIBROC;1 1/2X3X6;Centrifuga;24,9832;;;152;;5,998464;Salmuera clorada;30;4;;1180;;;;;;;;;;1750;;;;;1;;;;;;;;;;;;;;;;;;;;;;;;;;;;;;;;;;;;;
;PQV;AMC;Clorosoda;E2-P201 B;Bomba fosa de sala de celdas (salmuera clorada);;;;;;;;;;;;;;;;;;;;;;;;;;;;;;;;;;;;;;;;;;;;;;;;;;;;;;;;;;;;;;;;;;
;PQV;AMC;Clorosoda;E2-P202;Bomba de soda cáustica;DURCO;1K 1 1/2X1-62/55 M3G1;Centrifuga;7,26784;;;124;;8,8392;Soda caustica al 2%;21,7;5,3;;1020;85;;;;;;;;MIII7032V;1800;0,72;;0,91;;1;;;TEFC;;;;;;;;Reliance;;1800;;;;;;;;;;;;;;;;;;;;;;;;
;PQV;AMC;Clorosoda;E3-P301 A;Bomba de circulación de ácido sulfúrico al 78 %;DURCO;3X1 1/2H-13/100 M2G2;Centrifuga;28,61712;;;243,8;;4,27;Acido sulfurico al 78%;50;0,2;;1670;;;;;;;;;MII7325V;1800;12,5;;1,83;;1;;;TEFCXT;;;;;;;;Reliance;15;1800;;;;;;;;;;;;;;;;;;;;;;;;
;PQV;AMC;Clorosoda;E3-P301 B;Bomba de circulación de ácido sulfúrico al 78 %;DURCO;3X1 1/2H-13/100 M2G2;Centrifuga;28,61712;;;243,8;;4,27;Acido sulfurico al 78%;50;0,2;;1670;;;;;;;;;MII7325V;1800;12,5;;1,83;;1;;;TEFCXT;;;;;;;;Reliance;15;1800;;;;;;;;;;;;;;;;;;;;;;;;
;PQV;AMC;Clorosoda;E3-P302 A;Bomba de circulación de ácido sulfúrico al 78 %;DURCO;3X1 1/2H-13/100 M2G2;Centrifuga;28,61712;;;243,8;;4,2672;Acido sulfurico al 78%;45;0,2;;1804;11;;;;;;;;MII7325V;1800;13,4;;1,83;;1;;;TEFCXT;;;;;;;;Reliance;15;1800;;;;;;;;;;;;;;;;;;;;;;;;
;PQV;AMC;Clorosoda;E3-P302 B;Bomba de circulación de ácido sulfúrico al 78 %;DURCO;3X1 1/2H-13/100 M2G2;Centrifuga;28,61712;;;243,8;;4,2672;Acido sulfurico al 78%;45;0,2;;1804;11;;;;;;;;MII7325V;1800;13,4;;1,83;;1;;;TEFCXT;;;;;;;;Reliance;15;1800;;;;;;;;;;;;;;;;;;;;;;;;
;PQV;AMC;Clorosoda;E3-P303 A;Bomba de circulación de ácido sulfúrico al 98 %;DURCO;3X1 1/2H-13/100 M2G2;Centrifuga;28,61712;;;243,8;;3,998976;Acido sulfurico al 98%;45;0,2;;1820;;;;;;;;;;1800;;;;;1;;;;;;;;;;;;;;;;;;;;;;;;;;;;;;;;;;;;;
;PQV;AMC;Clorosoda;E3-P303 B;Bomba de circulación de ácido sulfúrico al 98 %;DURCO;3X1 1/2H-13/100 M2G2;Centrifuga;28,61712;;;243,8;;3,998976;Acido sulfurico al 98%;45;0,2;;1820;;;;;;;;;;1800;;;;;1;;;;;;;;;;;;;;;;;;;;;;;;;;;;;;;;;;;;;
;PQV;AMC;Clorosoda;E3-P304 A;Bomba de alimentación de ácido sulfúrico al 98 %;DURCO;3X1 1/2H-10/87;Centrifuga;13,6272;;;180;;6,07;Acido sulfurico al 98%;100;;;1820;14;;;;;;;;MIII7727V;1150;2,5;;0,3;9,1;1;;;TEFC;;;;;;;;Reliance;3;1150;;;;;;;;;;;;;;;;;;;;;;;;
;PQV;AMC;Clorosoda;E3-P304 B;Bomba de alimentación de ácido sulfúrico al 98 %;DURCO;3X1 1/2H-10/88;Centrifuga;13,6272;;;180;;6,07;Acido sulfurico al 98%;100;;;1820;14;;;;;;;;MIII7727V;1150;2,5;;0,3;9,1;1;;;TEFC;;;;;;;;Reliance;3;1150;;;;;;;;;;;;;;;;;;;;;;;;
;PQV;AMC;Clorosoda;E3-P305 A;Bomba de ácido sulfúrico al 78 % (agotado);DURCO;3X1 1/2 H-10/74;Centrifuga;10,902;;;120,68;;6,7056;Acido sulfurico agotado al 78%;50;0,2;;1670;;;;;;;;;MIII7727V;1180;1,25;;0,3;6,1;1;;;TEFC;;;;;;;;Reliance;2;1180;;;;;;;;;;;;;;;;;;;;;;;;
;PQV;AMC;Clorosoda;E3-P305 B;Bomba de ácido sulfúrico al 78 % (agotado);DURCO;3X1 1/2 H-10/75;Centrifuga;10,902;;;120,68;;6,7056;Acido sulfurico agotado al 78%;50;0,2;;1670;;;;;;;;;MIII7727V;1180;1,25;;0,3;6,1;1;;;TEFC;;;;;;;;Reliance;2;1180;;;;;;;;;;;;;;;;;;;;;;;;
;PQV;AMC;Clorosoda;E3-P306 A;Bomba de condensado de cloro (agua clorada);DURCO;1J 1 1/2X1-6/56 M2G1;Centrifuga;15,8984;;;349;;5,7912;Agua clorada  al 0,4 %;40;7;;993;0,65;;;;;;;;MII7000CV;3600;5;;0,3;36,57;1;;;TEFC;;;;;;;;Reliance;5;3600;;;;;;;;;;;;;;;;;;;;;;;;
;PQV;AMC;Clorosoda;E3-P306 B;Bomba de condensado de cloro (agua clorada);DURCO;1J 1 1/2X1-6/56 M2G1;Centrifuga;15,8984;;;349;;5,7912;Agua clorada  al 0,4 %;40;7;;993;0,65;;;;;;;;MII7000CV;3600;5;;0,3;36,57;1;;;TEFC;;;;;;;;Reliance;5;3600;;;;;;;;;;;;;;;;;;;;;;;;
;PQV;AMC;Clorosoda;E3-P307 A;Bomba de hipoclorito de sodio;DURCO;2K 4X3-10/86 M3G2;Centrifuga;34,52224;;;108;;5,7912;Hipoclorito de sodio de alta conc. ;70;22;;1171;1,437;;;;;;;;MIII7904CV;1800;2,8;;0,3;9,1;1;;;TEFC;;;;;;;;Reliance;3;1180;;;;;;;;;;;;;;;;;;;;;;;;
;PQV;AMC;Clorosoda;E3-P307 B;Bomba de hipoclorito de sodio;DURCO;2K 4X3-10/86 M3G2;Centrifuga;34,52224;;;108;;5,7912;Hipoclorito de sodio de alta conc. ;70;22;;1171;1,437;;;;;;;;MIII7904CV;1800;2,8;;0,3;9,1;1;;;TEFC;;;;;;;;Reliance;3;1180;;;;;;;;;;;;;;;;;;;;;;;;
;PQV;AMC;Clorosoda;E3-P308 A;Bomba de hipoclorito de sodio;DURCO;2K 6X4-13A/110 M3G2;Centrifuga;159,66536;;;400,2;;5,7912;Solucion de hipoclorito de sodio;70;20;;1210;1,098;;;;;;;;MIII8125BV;1780;40;;0,3;33,5;1;;;TEFC;;;;;;;;Reliance;40;1780;;;;;;;;;;;;;;;;;;;;;;;;
;PQV;AMC;Clorosoda;E3-P308 B;Bomba de hipoclorito de sodio;DURCO;2K 6X4-13A/110 M3G2;Centrifuga;159,66536;;;400,2;;5,7912;Solucion de hipoclorito de sodio;70;20;;1210;1,098;;;;;;;;MIII8125BV;1780;40;;0,3;33,5;1;;;TEFC;;;;;;;;Reliance;40;1780;;;;;;;;;;;;;;;;;;;;;;;;
;PQV;AMC;Clorosoda;E3-P309 A;Bomba de almacenamiento de H2SO4 al 98 %;DURCO;3X1 1/2 H-10/74 M2G2;Centrifuga;11,12888;;;243,8;;4,8768;Acido sulfurico al 98%;37,77;;;1820;;;;;;;;;;1180;1,82;;0,3;6,1;1;;;TEFC;;;;;;;;Reliance;2;1180;;;;;;;;;;;;;;;;;;;;;;;;
;PQV;AMC;Clorosoda;E3-P309 B;Bomba de almacenamiento de H2SO4 al 98 %;DURCO;3X1 1/2 H-10/74 M2G3;Centrifuga;11,12888;;;243,8;;4,8768;Acido sulfurico al 98%;37,77;;;1820;;;;;;;;;;1180;1,82;;0,3;6,1;1;;;TEFC;;;;;;;;Reliance;2;1180;;;;;;;;;;;;;;;;;;;;;;;;
;PQV;AMC;Clorosoda;E3-P310 A;Bomba de almacenamiento de H2SO4 al 78 %;DURCO; 3X1 1/2 H-10/80 M2G2;Centrifuga;18,1696;;;243,8;;6,97992;Acido sulfurico agotado al 78%;122;0,2;;1670;;;;;;;;;MIII7725V;1780;5,7;;0,91;15,24;1;;;TEFC;;;;;;;;Reliance;;1780;;;;;;;;;;;;;;;;;;;;;;;;
;PQV;AMC;Clorosoda;E3-P310 B;Bomba de almacenamiento de H2SO4 al 78 %;DURCO; 3X1 1/2 H-10/80 M2G3;Centrifuga;18,1696;;;243,8;;6,97992;Acido sulfurico agotado al 78%;122;0,2;;1670;;;;;;;;;MIII7725V;1780;5,7;;0,91;15,24;1;;;TEFC;;;;;;;;Reliance;;1780;;;;;;;;;;;;;;;;;;;;;;;;
;PQV;AMC;Clorosoda;E3-P311 ;Bomba de catalizador;DURCO;1 1/2X1F-6/54 M2G1;Centrifuga;4,99664;;;178;;7,62;Solucion catalizadora de Na2SO3;37,77;5,3;;1150;;;;;;;;;MII7017AV;1780;0,9;;0,61;9,1;1;;;TEFC;;;;;;;;Reliance;;1780;;;;;;;;;;;;;;;;;;;;;;;;
;PQV;AMC;Clorosoda;E3-P312;Bomba de descarga de ácido sulfúrico al 98 %;DURCO;3X1 1/2 H-10/90 M2G2;Centrifuga;16,01196;;;160;;4,8768;Acido sulfurico al 98%;37,77;;;;;;;;;;;;MIII7727V;1180;2,9;;0,61;9,1;1;;;TEFC;;;;;;;;Reliance;5;1180;;;;;;;;;;;;;;;;;;;;;;;;
;PQV;AMC;Clorosoda;E3-P313 A;Bomba de destruccion de Hipoclorito de sodio;PULSAFEDDER;25HJ;Desp. potivo;;;;;;;Qiumicos de destruccion de Hipoclorito;;;;;;;;;;;;;;1700;;;;;;;;;;;;;;;;;;;;;;;;;;;;;;;;;;;;;;;;;;
;PQV;AMC;Clorosoda;E3-P313 B;Bomba de destruccion de Hipoclorito de sodio;;;;;;;;;;;;;;;;;;;;;;;;;;;;;;;;;;;;;;;;;;;;;;;;;;;;;;;;;;;;;;;;;;
;PQV;AMC;Clorosoda;E3-P351 AA;Bombas de aceite de los compresores de cloro;ALLWEILER AG;SNH120ER46V12-1W22;Desp. potivo;1,0492944;;;450;;;Aceite liviano;37,77;;;;;;;;;;;;;;;;;;;;;;;;;;;;;;;;;;;;;;;;;;;;;;;;;;;;;;;
;PQV;AMC;Clorosoda;E3-P351 AB;Bombas de aceite de los compresores de cloro;ALLWEILER AG;SNH120ER46V12-1W22;Desp. potivo;1,0492944;;;450;;;Aceite liviano;37,77;;;;;;;;;;;;;;;;;;;;;;;;;;;;;;;;;;;;;;;;;;;;;;;;;;;;;;;
;PQV;AMC;Clorosoda;E3-P351 BA;Bombas de aceite de los compresores de cloro;ALLWEILER AG;SNH120ER46V12-1W22;Desp. potivo;1,0492944;;;450;;;Aceite liviano;37,77;;;;;;;;;;;;;;;;;;;;;;;;;;;;;;;;;;;;;;;;;;;;;;;;;;;;;;;
;PQV;AMC;Clorosoda;E3-P351 BB;Bombas de aceite de los compresores de cloro;ALLWEILER AG;SNH120ER46V12-1W22;Desp. potivo;1,0492944;;;450;;;Aceite liviano;37,77;;;;;;;;;;;;;;;;;;;;;;;;;;;;;;;;;;;;;;;;;;;;;;;;;;;;;;;
;PQV;AMC;Clorosoda;E3-P351 CA;Bombas de aceite de los compresores de cloro;ALLWEILER AG;SNH120ER46V12-1W22;Desp. potivo;1,0492944;;;450;;;Aceite liviano;37,77;;;;;;;;;;;;;;;;;;;;;;;;;;;;;;;;;;;;;;;;;;;;;;;;;;;;;;;
;PQV;AMC;Clorosoda;E3-P351 CB;Bombas de aceite de los compresores de cloro;ALLWEILER AG;SNH120ER46V12-1W22;Desp. potivo;1,0492944;;;450;;;Aceite liviano;37,77;;;;;;;;;;;;;;;;;;;;;;;;;;;;;;;;;;;;;;;;;;;;;;;;;;;;;;;
;PQV;AMC;Clorosoda;E3-P361 A;Bomba de agua caliente ;DURCO;1K 3X1-1/2-82-66  M3G1;Centrifuga;19,2983864;;;;;;Agua caliente;;;;;;;;;;;;;;1700;;;;12,8;1;;;;;;;;;;;Reliance;2;2750;;;;;;;;;;;;;;;;;;;;;;;;
;PQV;AMC;Clorosoda;E3-P361 B;Bomba de agua caliente ;DURCO;1K 3X1-1/2-82-66  M3G1;Centrifuga;19,2983864;;;;;;Agua caliente;;;;;;;;;;;;;;1700;;;;12,8;1;;;;;;;;;;;Reliance;2;2750;;;;;;;;;;;;;;;;;;;;;;;;
;PQV;AMC;Clorosoda;E3-P371 A;Bomba de agua caliente;DURCO;2K 4X3-10H/76  M3G2;Centrifuga;102,1971864;;;;;;Agua caliente;;;;;;;;;;;;;;1700;;;;13;1;;;;;;;;;;;Reliance;7,5;1750;;;;;;;;;;;;;;;;;;;;;;;;
;PQV;AMC;Clorosoda;E3-P371 B;Bomba de agua caliente;DURCO;2K 4X3-10H/76  M3G2;Centrifuga;102,1971864;;;;;;Agua caliente;;;;;;;;;;;;;;1700;;;;13;1;;;;;;;;;;;Reliance;7,5;1750;;;;;;;;;;;;;;;;;;;;;;;;
;PQV;AMC;Clorosoda;E4-P401 A;Bomba de circulación de soda cáustica;DURCO;3K 10X8-16/153 M2G3;Centrifuga;479,67744;;-44;348;;3,6576;Soda caustica al 32%;95;35,7;;1300;2,4;;;;;;;;;1180;105;;2,44;30,48;1;;;TEFC;;;;;;;;Reliance;100;1180;;;;;;;;;;;;;;;;;;;;;;;;
;PQV;AMC;Clorosoda;E4-P401 B;Bomba de circulación de soda cáustica;DURCO;3K 10X8-16/153 M2G3;Centrifuga;479,67744;;-44;348;;3,6576;Soda caustica al 32%;95;35,7;;1300;2,4;;;;;;;;;1180;105;;2,44;30,48;1;;;TEFC;;;;;;;;Reliance;100;1180;;;;;;;;;;;;;;;;;;;;;;;;
;PQV;AMC;Clorosoda;E4-P402 A;Bomba de circulación de soda cáustica;DURCO;2K-4X3-13/106 M3G2;Centrifuga;57,68848;;-4;591;;3,9624;Soda caustica al 32%;95;38;;1303;;;;;;;;;;1800;;;;;1;;;;;;;;;;;;;;;;;;;;;;;;;;;;;;;;;;;;;
;PQV;AMC;Clorosoda;E4-P402 B;Bomba de circulación de soda cáustica;DURCO;2K-4X3-13/106 M3G2;Centrifuga;57,68848;;-4;591;;3,9624;Soda caustica al 32%;95;38;;1303;;;;;;;;;;1800;;;;;1;;;;;;;;;;;;;;;;;;;;;;;;;;;;;;;;;;;;;
;PQV;AMC;Clorosoda;E4-P403 A;Bomba de circulación de soda cáustica;DURCO;2K 2X1-10A/72 M2G2;Centrifuga;22,712;;-0,9;792;;5,7912;Soda caustica al 32%;90;23;;1340;8,9;;;;;;;;MIII8390AV;3600;15,7;;1,22;51,81;1;;;TEFC;;;;;;;;Reliance;20;3600;;;;;;;;;;;;;;;;;;;;;;;;
;PQV;AMC;Clorosoda;E4-P403 B;Bomba de circulación de soda cáustica;DURCO;2K 2X1-10A/72 M2G2;Centrifuga;22,712;;-0,9;792;;5,7912;Soda caustica al 32%;90;23;;1340;8,9;;;;;;;;MIII8390AV;3600;15,7;;1,22;51,81;1;;;TEFC;;;;;;;;Reliance;20;3600;;;;;;;;;;;;;;;;;;;;;;;;
;PQV;AMC;Clorosoda;E4-P405 A;Bomba de circulación de soda cáustica;DURCO;2K 6X4-13A/127 M2G2;Centrifuga;215,764;;4,9;709,4;;5,12064;Soda caustica al 50%;51,11;0,2;;1520;;;;;;;;;;1780;;;;;1;;;;;;;;;;;;;;;;;;;;;;;;;;;;;;;;;;;;;
;PQV;AMC;Clorosoda;E4-P405 B;Bomba de circulación de soda cáustica;DURCO;2K 6X4-13A/127 M2G2;Centrifuga;215,764;;4,9;709,4;;5,12064;Soda caustica al 50%;51,11;0,2;;1520;;;;;;;;;;1780;;;;;1;;;;;;;;;;;;;;;;;;;;;;;;;;;;;;;;;;;;;
;PQV;AMC;Clorosoda;E4-P406 A;Bomba de circulación de soda cáustica;DURCO;3196 ST;Centrifuga;27,48152;;-8;399;;6,096;Soda caustica al 32%;90;2,3;;1340;8,9;;;;;;;;MIII7105V;3600;8,6;;1,8;27,4;1;;;TEFC;;;;;;;;Reliance;10;3600;;;;;;;;;;;;;;;;;;;;;;;;
;PQV;AMC;Clorosoda;E4-P406 B;Bomba de circulación de soda cáustica;DURCO;3196 ST;Centrifuga;27,48152;;-8;399;;6,096;Soda caustica al 32%;90;2,3;;1340;8,9;;;;;;;;MIII7105V;3600;8,6;;1,8;27,4;1;;;TEFC;;;;;;;;Reliance;10;3600;;;;;;;;;;;;;;;;;;;;;;;;
;PQV;AMC;Clorosoda;E4-P407 A;Bomba de circulación de soda cáustica;DURCO;2K 6X4-13A/116 M2G2;Centrifuga;99,02432;;28;306;;5,9436;Soda caustica al 50%;34,44;0,2;;1520;;;;;;;;;;1180;;;;;1;;;;;;;;;;;;;;;;;;;;;;;;;;;;;;;;;;;;;
;PQV;AMC;Clorosoda;E4-P407 B;Bomba de circulación de soda cáustica;DURCO;2K 6X4-13A/116 M2G2;Centrifuga;99,02432;;28;306;;5,9436;Soda caustica al 50%;34,44;0,2;;1520;;;;;;;;;;1180;;;;;1;;;;;;;;;;;;;;;;;;;;;;;;;;;;;;;;;;;;;
;PQV;AMC;Clorosoda;E4-P451 A;Bomba de soda cáustica ;GOULD'S;1.5X3-13 3196 MT;Centrifuga;45,42;;217,9;646,8;;2,87;Soda caustica al 50 %;165,55;;;1400;;;;;;;;;;1740;;61;;;1;;;;;;;;;;;;20;1800;;;;;;;;;;;;;;;;;;;;;;;;
;PQV;AMC;Clorosoda;E4-P451 B;Bomba de soda cáustica ;GOULD'S;1.5X3-13 3196 MT;Centrifuga;45,42;;217,9;646,8;;2,87;Soda caustica al 50 %;165,55;;;1400;;;;;;;;;;1740;;61;;;1;;;;;;;;;;;;20;1800;;;;;;;;;;;;;;;;;;;;;;;;
;PQV;AMC;Clorosoda;E4-P452 A;Bomba de soda cáustica;GOULD'S;2X3-13 3196 MT;Centrifuga;59,05;;196,86;703;;2,8;Soda caustica al 42 %;115,55;;;1400;1,6;;;;;;;;;1765;;64;1,37;;1;;;;;;;;;;;;20;1800;;;;;;;;;;;;;;;;;;;;;;;;
;PQV;AMC;Clorosoda;E4-P452 B;Bomba de soda cáustica;GOULD'S;2X3-13 3196 MT;Centrifuga;59,05;;196,86;703;;2,8;Soda caustica al 42 %;115,55;;;1400;1,6;;;;;;;;;1765;;64;1,37;;1;;;;;;;;;;;;20;1800;;;;;;;;;;;;;;;;;;;;;;;;
;PQV;AMC;Clorosoda;E4-P453 A;Bomba de recirculacion de soda cáustica;GOULD'S;4X6-10 AN 3196 MT;Centrifuga;90,7;;49,2;168,7;;2,8956;Soda caustica al 32% ;76,66;;;1350;3,3;;;;;;;;;1180;;71;0,85;;1;;;;;;;;;;;;20;1800;;;;;;;;;;;;;;;;;;;;;;;;
;PQV;AMC;Clorosoda;E4-P453 B;Bomba de recirculacion de soda cáustica;GOULD'S;4X6-10 AN 3196 MT;Centrifuga;90,7;;49,2;168,7;;2,8956;Soda caustica al 32% ;76,66;;;1350;3,3;;;;;;;;;1180;;71;0,85;;1;;;;;;;;;;;;20;1800;;;;;;;;;;;;;;;;;;;;;;;;
;PQV;AMC;Clorosoda;E4-P454 A;Bomba de soda cáustica;GOULD'S;1.5X3-13 3196 MT;Centrifuga;36,34;;49,2;499,18;;2,68;Soda caustica al 37 %;76,66;;;1350;;;;;;;;;;1740;;58;0,85;;1;;;;;;;;;;;;20;1800;;;;;;;;;;;;;;;;;;;;;;;;
;PQV;AMC;Clorosoda;E4-P454 B;Bomba de soda cáustica;GOULD'S;1.5X3-13 3196 MT;Centrifuga;36,34;;49,2;499,18;;2,68;Soda caustica al 37 %;76,66;;;1350;;;;;;;;;;1740;;58;0,85;;1;;;;;;;;;;;;20;1800;;;;;;;;;;;;;;;;;;;;;;;;
;PQV;AMC;Clorosoda;E4-P455 A;Bomba de destilación de soda cáustica;GOULD'S;1X1.5 AN 3196 ST;Centrifuga;20,4408;;;;;2,9;Agua;65,55;;;1000;;;;;;;;;;3500;;64;1,98;;1;;;;;;;;;;;;20;1800;;;;;;;;;;;;;;;;;;;;;;;;
;PQV;AMC;Clorosoda;E4-P455 B;Bomba de destilación de soda cáustica;GOULD'S;1X1.5 AN 3196 ST;Centrifuga;20,4408;;;;;2,9;Agua;65,55;;;1000;;;;;;;;;;3500;;64;1,98;;1;;;;;;;;;;;;20;1800;;;;;;;;;;;;;;;;;;;;;;;;
;PQV;AMC;Clorosoda;E4-P456;Bomba de vacío de agua (anillo liquido);NASH KIMENA;SC4 ALL IRON;Bombas de vacio;;;;;;;;;;;;;;;;;;;;;;;;;;;;;;;;;;;;;;;;;;;;;;;;;;;;;;;;;;;;;;;
;PQV;AMC;Clorosoda;E5-P501 A;Bomba de agua sodada;DURCO;2K 4X3-13/114 M2G2;Centrifuga;79,94624;;11;402;;9,7536;Agua sodada;73,33;11,9;;990;;;;;;;;;MIII7500BV;1800;24,6;;1,52;36,58;1;;;TEFC;;;;;;;;Reliance;25;1800;;;;;;;;;;;;;;;;;;;;;;;;
;PQV;AMC;Clorosoda;E5-P501 B;Bomba de agua sodada;DURCO;2K 4X3-13/114 M2G2;Centrifuga;79,94624;;11;402;;9,7536;Agua sodada;73,33;11,9;;990;;;;;;;;;MIII7500BV;1800;24,6;;1,52;36,58;1;;;TEFC;;;;;;;;Reliance;25;1800;;;;;;;;;;;;;;;;;;;;;;;;
;PQV;AMC;Clorosoda;E5-P501 C;Bomba de agua sodada;DURCO;2K 4X3-13/114 M2G2;Centrifuga;79,94624;;11;402;;9,7536;Agua sodada;73,33;11,9;;990;;;;;;;;;MIII7500BV;1800;24,6;;1,52;36,58;1;;;TEFC;;;;;;;;Reliance;25;1800;;;;;;;;;;;;;;;;;;;;;;;;
;PQV;AMC;Clorosoda;E5-P501 D;Bomba de agua sodada;DURCO;2K 4X3-13/114 M2G2;Centrifuga;79,94624;;11;402;;9,7536;Agua sodada;73,33;11,9;;990;;;;;;;;;MIII7500BV;1800;24,6;;1,52;36,58;1;;;TEFC;;;;;;;;Reliance;25;1800;;;;;;;;;;;;;;;;;;;;;;;;
;PQV;AMC;Clorosoda;H1-P101 A;Bomba de ácido clorhídrico al 32 %;DURCO;2K 3X2F-10/84  M2G2;Centrifuga;5,22376;;-4,82;248,32;;6,7056;Acido clohidrico al 32%;85;10,8;;1147;1,42;;;;;;;;MII7827BV;1780;5,8;;0,91;21,34;1;;;TEFC;;;;;;;;Reliance;;1780;;;;;;;;;;;;;;;;;;;;;;;;
;PQV;AMC;Clorosoda;H1-P101 B;Bomba de ácido clorhídrico al 32 %;DURCO;2K 3X2F-10/84  M2G2;Centrifuga;5,22376;;-4,82;248,32;;6,7056;Acido clohidrico al 32%;85;10,8;;1147;1,42;;;;;;;;MII7827BV;1780;5,8;;0,91;21,34;1;;;TEFC;;;;;;;;Reliance;;1780;;;;;;;;;;;;;;;;;;;;;;;;
;PQV;AMC;Clorosoda;H1-P102 A;Bomba de ácido clorhídrico al 32 %;;;;;;;;;;;;;;;;;;;;;;;;;;;;;;;;;;;;;;;;;;;;;;;;;;;;;;;;;;;;;;;;;;
;PQV;AMC;Clorosoda;H1-P102 B;Bomba de ácido clorhídrico al 32 %;;;Magnetica;24,9832;;-7,72;325,72;;6,7056;Acido clohidrico al 32%;85;8,8;;1160;;;;;;;;;;3600;;;;;1;;;;;;;;;;;;;;;;;;;;;;;;;;;;;;;;;;;;;
;PQV;AMC;Clorosoda;H1-P103 A;Bomba de ácido clorhídrico al 32 %;DURCO;3X1.5F-7/70;Centrifuga;2,18;;-2,72;603,22;;7,0104;Acido clohidrico al 32%;85;8,8;;1160;1,48;;;;;;;;MII7115AV;3600;16,3;;1,21;51,81;1;;;TEFC;;;;;;;;Reliance;15;3600;;;;;;;;;;;;;;;;;;;;;;;;
;PQV;AMC;Clorosoda;H1-P103 B;Bomba de ácido clorhídrico al 32 %;DURCO;3X1.5F-7/70;Centrifuga;2,18;;-2,72;603,22;;7,0104;Acido clohidrico al 32%;85;8,8;;1160;1,48;;;;;;;;MII7115AV;3600;16,3;;1,21;51,81;1;;;TEFC;;;;;;;;Reliance;15;3600;;;;;;;;;;;;;;;;;;;;;;;;
;PQV;AMC;Clorosoda;H1-P104 A;Bomba de ácido clorhídrico al 32 %;;;Magnetica;;;;;;;Acido clohidrico al 32%;;;;;;;;;;;;;;3500;;;;;1;;;;;;;;;;;;;;;;;;;;;;;;;;;;;;;;;;;;;
;PQV;AMC;Clorosoda;H1-P104 B;Bomba de ácido clorhídrico al 32 %;;;;;;;;;;;;;;;;;;;;;;;;;;;;;;;;;;;;;;;;;;;;;;;;;;;;;;;;;;;;;;;;;;
;PQV;AMC;Clorosoda;U2-P201;Bomba de agua condensada fuera de especif.;DURCO;1K 3X1.5-62/51 M3G1;Centrifuga;24,30184;;0;288;;3,3528;Condenzado de agua;84,44;;;;;;;;;;;;;3500;;;;;1;;;;;;;;;;;;;;;;;;;;;;;;;;;;;;;;;;;;;
;PQV;AMC;Clorosoda;U3-P301 A;Bomba de agua deonizada;;;;;;;;;;;;;;;;;;;;;;;;;;;;;;;;;;;;;;;;;;;;;;;;;;;;;;;;;;;;;;;;;;
;PQV;AMC;Clorosoda;U3-P301 B;Bomba de agua deonizada;;;;;;;;;;;;;;;;;;;;;;;;;;;;;;;;;;;;;;;;;;;;;;;;;;;;;;;;;;;;;;;;;;
;PQV;AMC;Clorosoda;U3-P302 A;Bomba de agua deoinizada ultra pura;DURCO;1K 3X1.5-82/73 M3G1;Centrifuga;32,02392;;0;672;650;3,3528;Agua deoinizada ultra pura;84,44;;;;;;;;;;;;;3500;;;;;1;;;;;;;;;;;;;;;;;;;;;;;;;;;;;;;;;;;;;
;PQV;AMC;Clorosoda;U3-P302 B;Bomba de agua deoinizada ultra pura;DURCO;1K 3X1.5-82/73 M3G1;Centrifuga;32,02392;;0;672;650;3,3528;Agua deoinizada ultra pura;84,44;;;;;;;;;;;;;3500;;;;;1;;;;;;;;;;;;;;;;;;;;;;;;;;;;;;;;;;;;;
;PQV;AMC;Clorosoda;U3-P303 A;Bomba de agua deoinizada de alta pureza ;DURCO;2K 6X4-13A/125 M3G2;Centrifuga;183,28584;;0;697;480;7,9248;Agua deoinizada de alta pureza;32,22;;;;;;;;;;;;;1750;;;;;1;;;;;;;;;;;;;;;;;;;;;;;;;;;;;;;;;;;;;
;PQV;AMC;Clorosoda;U3-P303 B;Bomba de agua deoinizada de alta pureza ;DURCO;2K 6X4-13A/125 M3G2;Centrifuga;183,28584;;0;697;480;7,9248;Agua deoinizada de alta pureza;32,22;;;;;;;;;;;;;1750;;;;;1;;;;;;;;;;;;;;;;;;;;;;;;;;;;;;;;;;;;;
;PQV;AMC;Clorosoda;U3-P304 A;Bomba de agua de enfriamiento/rectificación ;;;;110;;;;;;;;;;;;;;;;;;;;;;;;;;;;;;;;;;;;;;;;;;;;;;;;;;;;;;;;;;;;;;
;PQV;AMC;Clorosoda;U3-P304 B;Bomba de agua de enfriamiento/rectificación ;INGERSOLL RAND;ESP. GRUPO 2;Centrifuga;109,9964872;;0;422,6;;;Agua refrigerante;42;;;;;;;;;;;;;1700;;;;;1;;;;;;;;;;;;;;;;;;;;;;;;;;;;;;;;;;;;;
;PQV;AMC;Clorosoda;U3-P304 C;Bomba de agua de enfriamiento/rectificación ;GOULD'S;XLT 6X8-13;Centrifuga;109,9964872;;0;422,6;;;Agua refrigerante;42;;;;;;;;;;;;;1775;;;;;1;;;;;;;;;;;;;;;;;;;;;;;;;;;;;;;;;;;;;
;PQV;AMC;Clorosoda;U3-P305 A;Bomba de agua helada;INGERSOLL RAND;8X6X13 VGRP;Centrifuga;185,988568;;0;422,6;;;Agua refrigerante;40;;;;;;;;;;;;;1800;100;;;;1;;;;;;;;;;;;;;;;;;;;;;;;;;;;;;;;;;;;;
;PQV;AMC;Clorosoda;U3-P305 B;Bomba de agua helada;;8X6X13 VGRP;Centrifuga;185,988568;;0;422,6;;;Agua refrigerante;40;;;;;;;;;;;;;1800;100;;;;1;;;;;;;;;;;;;;;;;;;;;;;;;;;;;;;;;;;;;
;PQV;AMC;Clorosoda;U3-P305 C;Bomba de agua helada;GOULD'S;XLT 6X8-13;Centrifuga;;;0;;;;Agua refrigerante;40;;;;;;;;;;;;;1700;;;;;1;;;;;;;;;;;;;;;;;;;;;;;;;;;;;;;;;;;;;
;PQV;AMC;Clorosoda;U3-P306 A;Bomba de agua helada (enfriamiento);DURCO;1K 3X1.5-62/56 M3G1;Centrifuga;42,92568;;-1,32;332,68;330;7,9248;Agua de enfriamiento;17,77;;;;;;;;;;;;;3500;;;;;1;;;;;;;;;;;;;;;;;;;;;;;;;;;;;;;;;;;;;
;PQV;AMC;Clorosoda;U3-P306 B;Bomba de agua helada (enfriamiento);DURCO;1K 3X1.5-62/56 M3G1;Centrifuga;42,92568;;-1,32;332,68;330;7,9248;Agua de enfriamiento;17,77;;;;;;;;;;;;;3500;;;;;1;;;;;;;;;;;;;;;;;;;;;;;;;;;;;;;;;;;;;
;PQV;AMC;Clorosoda;U3-P307 A;Bomba de agua condensada;GOULD'S;BP20-1,5x1 NPT1 M 3935;Centrifuga;1,02204;5,1;-5,3;1418;1390;;Agua condenzada;67,77;;;;;;;;;;;;;3500;;;;;4;;;;;;;;;;;;;;;;;;;;;;;;;;;;;;;;;;;;;
;PQV;AMC;Clorosoda;U3-P307 B;Bomba de agua condensada;GOULD'S;BP20-1,5x1 NPT1 M 3935;Centrifuga;1,02204;;-5,3;1418;1390;;Agua condenzada;67,77;;;;;;;;;;;;;3500;;;;;4;;;;;;;;;;;;;;;;;;;;;;;;;;;;;;;;;;;;;
;PQV;AMC;Clorosoda;U3-P308 A;bomba de agua de enfriamiento;INGERSOLL RAND;8X6-13 VGRP;Centrifuga;;;;;;;Agua de enfriamiento;;;;;;;;;;;;;;1700;;;;;1;;;;;;;;;;;;;;;;;;;;;;;;;;;;;;;;;;;;;
;PQV;AMC;Clorosoda;U3-P308 B;bomba de agua de enfriamiento;INGERSOLL RAND;8X6-13 VGRP;Centrifuga;;;;;;;Agua de enfriamiento;;;;;;;;;;;;;;1700;;;;;1;;;;;;;;;;;;;;;;;;;;;;;;;;;;;;;;;;;;;
;PQV;AMC;Clorosoda;U3-P308 C;bomba de agua de enfriamiento;WORTHINGTON;;Centrifuga;;;;600;;;Agua de enfriamiento;;;;;;;;;;;;;;1700;;;;;1;;;;;;;;;;;;;;;;;;;;;;;;;;;;;;;;;;;;;
;PQV;AMC;Clorosoda;U8-P801;Bomba de fosa de Acido sulfurico;;;;;;;;;;;;;;;;;;;;;;;;;;;;;;;;;;;;;;;;;;;;;;;;;;;;;;;;;;;;;;;;;;
;PQV;AMC;Clorosoda;U8-P802;Bomba de fosa de Acido clorhidrico;;;;;;;;;;;;;;;;;;;;;;;;;;;;;;;;;;;;;;;;;;;;;;;;;;;;;;;;;;;;;;;;;;
;PQV;AMC;Clorosoda;U8-P803;Bomba fosa de concentración de soda cáustica;GOULD'S;;Centrifuga;;;;;;;Soda caustica;;;;;;;;;;;;;;1700;;;;;1;;;;;;;;;;;;;;;;;;;;;;;;;;;;;;;;;;;;;
;PQV;AMC;Clorosoda;U8-P804;Bomba fosa del tanque de almc. de cáustica;GOULD'S;3176 1X1 �-8;Centrifuga;;;;;;;Soda caustica;;;;;;;;;;;;;;1700;;;;;1;;;;;;;;;;;;;;;;;;;;;;;;;;;;;;;;;;;;;
;PQV;AMC;Clorosoda;U8-P805;Bomba de fosa de almacenamiento de qu�micos;INGERSOLL RAND;3x1 1/2-8;Centrifuga;;;;;;;Quimicos;;;;;;;;;;;;;;;;;;;1;;;;;;;;;;;;;;;;;;;;;;;;;;;;;;;;;;;;;
;PQV;AMC;Clorosoda;U8-P806;Bomba de fosa de neutralizacion de cloro (alta preon);;;;;;;;;;;;;;;;;;;;;;;;;;;;;;;;;;;;;;;;;;;;;;;;;;;;;;;;;;;;;;;;;;
;PQV;AMC;Clorosoda;U8-P807;Bomba de fosa de torre de sacado de cloro;;;;;;;;;;;;;;;;;;;;;;;;;;;;;;;;;;;;;;;;;;;;;;;;;;;;;;;;;;;;;;;;;;
;PQV;AMC;Clorosoda;U8-P808;Bomba de fosa de salmuera agotada;;;;;;;;;;;;;;;;;;;;;;;;;;;;;;;;;;;;;;;;;;;;;;;;;;;;;;;;;;;;;;;;;;
;PQV;AMC;Clorosoda;U8-P809;Bomba fosa del tanque de circ. de caustica;GOULD'S;3176 ST;Centrifuga;;;;;;;Soda caustica;;;;;;;;;;;;;;3500;;;;;1;;;;;;;;;;;;;;;;;;;;;;;;;;;;;;;;;;;;;
;PQV;AMC;Clorosoda;U8-P810;Bomba de fosa de tanques y productos de HCl ;;;;;;;;;;;;;;;;;;;;;;;;;;;;;;;;;;;;;;;;;;;;;;;;;;;;;;;;;;;;;;;;;;
;PQV;AMC;Clorosoda;U8-P811 A;Bomba de fosa de desechos;INGERSOLL RAND;VGRP 3X2-6;Centrifuga;;;;;;;Desechos;;;;;;;;;;;;;;3505;;;;;1;;;;;;;;;;;;;;;;;;;;;;;;;;;;;;;;;;;;;
;PQV;AMC;Clorosoda;U8-P811 B;Bomba de fosa de desechos;INGERSOLL RAND;VGRP 3X2-6;Centrifuga;;;;;;;Desechos;;;;;;;;;;;;;;3505;;;;;1;;;;;;;;;;;;;;;;;;;;;;;;;;;;;;;;;;;;;
;PQV;AMC;Clorosoda;U8-P813 A;Bomba de fosa de desechos;;;;;;;;;;;;;;;;;;;;;;;;;;;;;;;;;;;;;;;;;;;;;;;;;;;;;;;;;;;;;;;;;;
;PQV;AMC;Clorosoda;U8-P813 B;Bomba de fosa de desechos;;;;;;;;;;;;;;;;;;;;;;;;;;;;;;;;;;;;;;;;;;;;;;;;;;;;;;;;;;;;;;;;;;
;PQV;AMC;Clorosoda;U8-P814 A;Bomba de fosa de desechos;FIBROC;5500(3X4X10);Centrifuga;;;;;;;Desechos;;;;;;;;;;;;;;1755;;;;;1;;;;;;;;;;;;;;;;;;;;;;;;;;;;;;;;;;;;;
;PQV;AMC;Clorosoda;U8-P814 B;Bomba de fosa de desechos;FIBROC;5500(3X4X10);Centrifuga;;;;;;;Desechos;;;;;;;;;;;;;;1755;;;;;1;;;;;;;;;;;;;;;;;;;;;;;;;;;;;;;;;;;;;
;PQV;AMC;Clorosoda;U8-P815 A;Bomba de fosa de desechos;FIBROC;5500(3X4X10);Centrifuga;;;;;;;Desechos;;;;;;;;;;;;;;1700;;;;;1;;;;;;;;;;;;;;;;;;;;;;;;;;;;;;;;;;;;;
;PQV;AMC;Clorosoda;U8-P815 B;Bomba de fosa de desechos;FIBROC;5500(3X4X10);Centrifuga;;;;;;;Desechos;;;;;;;;;;;;;;1700;;;;;1;;;;;;;;;;;;;;;;;;;;;;;;;;;;;;;;;;;;;
;PQV;AMC;UREA;42-P-2 A;Bomba de refuerzo (Booster) de Amoníaco;;;Centrífuga;216;;1660;2180;530;;Amoníaco líquido;39;;;;;;;;;;;;;;;;;;;;;;;;;;;;;;;;;;;;;;;;;;;;;;;;;;;;;;;
;PQV;AMC;UREA;42-P-2 B;Bomba de refuerzo (Booster) de Amoníaco;;;Centrífuga;216;;1660;2180;530;;Amoníaco líquido;39;;;;;;;;;;;;;;;;;;;;;;;;;;;;;;;;;;;;;;;;;;;;;;;;;;;;;;;
;PQV;AMC;UREA;42-P-4 A;Bomba de agua amoniacal a la T-1;;;Centrífuga;9,1;;1660;1970;310;;Agua amoniacal ;40;;;;;;;;;;;;;;;;;;;;;;;;;;;;;;;;;;;;;;;;;;;;;;;;;;;;;;;
;PQV;AMC;UREA;42-P-4 B;Bomba de agua amoniacal a la T-1;;;Centrífuga;9,1;;1660;1970;310;;Agua amoniacal ;40;;;;;;;;;;;;;;;;;;;;;;;;;;;;;;;;;;;;;;;;;;;;;;;;;;;;;;;
;PQV;AMC;UREA;42-P-6 A;Bomba de carbamato a la P-5;;;Centrífuga;144;;1690;2110;420;;Solución recuperada de carbamato;100;;;;;;;;;;;;;;;;;;;;;;;;;;;;;;;;;;;;;;;;;;;;;;;;;;;;;;;
;PQV;AMC;UREA;42-P-6 B;Bomba de carbamato a la P-5;;;Centrífuga;144;;1690;2110;420;;Solución recuperada de carbamato;100;;;;;;;;;;;;;;;;;;;;;;;;;;;;;;;;;;;;;;;;;;;;;;;;;;;;;;;
;PQV;AMC;UREA;42-P-7 A;Bomba de carbamato a la T-1;;;Centrífuga;34,1;;280;2290;1900;;Solución de carbamato diluido;100;;;;;;;;;;;;;;;;;;;;;;;;;;;;;;;;;;;;;;;;;;;;;;;;;;;;;;;
;PQV;AMC;UREA;42-P-7 B;Bomba de carbamato a la T-1;;;Centrífuga;34,1;;280;2290;1900;;Solución de carbamato diluido;100;;;;;;;;;;;;;;;;;;;;;;;;;;;;;;;;;;;;;;;;;;;;;;;;;;;;;;;
;PQV;AMC;UREA;42-P-9 A;Bomba de carbamato diluido;;;Centrífuga;17,7;;;490;490;;Solución de carbamato diluido;60;;;;;;;;;;;;;;;;;;;;;;;;;;;;;;;;;;;;;;;;;;;;;;;;;;;;;;;
;PQV;AMC;UREA;42-P-9 B;Bomba de carbamato diluido;;;Centrífuga;17,7;;;490;490;;Solución de carbamato diluido;60;;;;;;;;;;;;;;;;;;;;;;;;;;;;;;;;;;;;;;;;;;;;;;;;;;;;;;;
;PQV;AMC;UREA;42-P-10 A;Bomba de refuerzo (Booster) de Amoníaco;;;Centrífuga;59;;1400;2100;700;;Amoníaco líquido;4,5;;;;;;;;;;;;;;;;;;;;;;;;;;;;;;;;;;;;;;;;;;;;;;;;;;;;;;;
;PQV;AMC;UREA;42-P-10 B;Bomba de refuerzo (Booster) de Amoníaco;;;Centrífuga;59;;1400;2100;700;;Amoníaco líquido;4,5;;;;;;;;;;;;;;;;;;;;;;;;;;;;;;;;;;;;;;;;;;;;;;;;;;;;;;;
;PQV;AMC;UREA;42-P-12 A;Bombas de alimentación de urea al área de evaporación;;;Centrífuga;66,6;;;350;350;;Solución acuosa de Urea;110;;;;;;;;;;;;;;;;;;;;;;;;;;;;;;;;;;;;;;;;;;;;;;;;;;;;;;;
;PQV;AMC;UREA;42-P-12 B;Bombas de alimentación de urea al área de evaporación;;;Centrífuga;66,6;;;350;350;;Solución acuosa de Urea;110;;;;;;;;;;;;;;;;;;;;;;;;;;;;;;;;;;;;;;;;;;;;;;;;;;;;;;;
;PQV;AMC;UREA;42-P-19 A;Bomba de condensado de media presión;;;Centrífuga;56,8;;;1930;1930;;Condesado de baja presión;99;;;;;;;;;;;;;;;;;;;;;;;;;;;;;;;;;;;;;;;;;;;;;;;;;;;;;;;
;PQV;AMC;UREA;42-P-19 B;Bomba de condensado de media presión;;;Centrífuga;56,8;;;1930;1930;;Condesado de baja presión;99;;;;;;;;;;;;;;;;;;;;;;;;;;;;;;;;;;;;;;;;;;;;;;;;;;;;;;;
;PQV;AMC;UREA;42-P-26 A;Bomba de condensado de baja presión;;;Centrífuga;80;;;350;350;;Condensado;;;;;;;;;;;;;;;;;;;;;;;;;;;;;;;;;;;;;;;;;;;;;;;;;;;;;;;;
;PQV;AMC;UREA;42-P-26 B;Bomba de condensado de baja presión;;;Centrífuga;80;;;350;350;;Condensado;;;;;;;;;;;;;;;;;;;;;;;;;;;;;;;;;;;;;;;;;;;;;;;;;;;;;;;;
;PQV;AMC;UREA;42-P-1 A;Bombas de Amoníaco;;;Reciprocante;129,6;;1930;23000;21070;;Amoníaco líquido ;39;;;;;;;;;;;;;;;;;;;;;;;;;;;;;;;;;;;;;;;;;;;;;;;;;;;;;;;
;PQV;AMC;UREA;42-P-1 B;Bombas de Amoníaco;;;Reciprocante;129,6;;1930;23000;21070;;Amoníaco líquido ;39;;;;;;;;;;;;;;;;;;;;;;;;;;;;;;;;;;;;;;;;;;;;;;;;;;;;;;;
;PQV;AMC;UREA;42-P-1 C;Bombas de Amoníaco;;;Reciprocante;129,6;;1930;23000;21070;;Amoníaco líquido ;39;;;;;;;;;;;;;;;;;;;;;;;;;;;;;;;;;;;;;;;;;;;;;;;;;;;;;;;
;PQV;AMC;UREA;42-P-5B;Bomba de succión recuperada;;;Reciprocante;37,4;;1940;23000;21060;;Solución recuperada;100;;;;;;;;;;;;;;;;;;;;;;;;;;;;;;;;;;;;;;;;;;;;;;;;;;;;;;;
;PQV;AMC;UREA;42-P-13 A;Bomba de agua de enfriamiento a la chaqueta de los compresores;;;Centrífuga;137;;;260;260;;Condensado;21;;;;;;;;;;;;;;;;;;;;;;;;;;;;;;;;;;;;;;;;;;;;;;;;;;;;;;;
;PQV;AMC;UREA;42-P-13 B;Bomba de agua de enfriamiento a la chaqueta de los compresores;;;Centrífuga;137;;;260;260;;Condensado;21;;;;;;;;;;;;;;;;;;;;;;;;;;;;;;;;;;;;;;;;;;;;;;;;;;;;;;;
;PQV;AMC;UREA;42-P-5 A;Bomba de solución recuperada;;;Centrífuga;42,2;;1940;23000;21060;;Carbamato de amoníaco ;100;;;;;;;;;;;;;;;;;;;;;;;;;;;;;;;;;;;;;;;;;;;;;;;;;;;;;;;
;PQV;AMC;UREA;42-P-5 C;Bomba de solución recuperada;;;Centrífuga;42,2;;1940;23000;21060;;Carbamato de amoníaco ;100;;;;;;;;;;;;;;;;;;;;;;;;;;;;;;;;;;;;;;;;;;;;;;;;;;;;;;;
;PQV;AMC;Amoniaco;40-P-9 A;Bomba de solución MEA ;;;Centrífuga Multietapa;3,861;;1460;1950;490;;Condensado;38;;;;;;;;;;;;;;;;;;;;;;;;;;;;;;;;;;;;;;;;;;;;;;;;;;;;;;;
;PQV;AMC;Amoniaco;40-P-9 B;Bomba de solución MEA ;;;Centrífuga Multietapa;3,861;;1460;1950;490;;Condensado;38;;;;;;;;;;;;;;;;;;;;;;;;;;;;;;;;;;;;;;;;;;;;;;;;;;;;;;;
;PQV;AMC;Amoniaco;40-P-10;Bombas de licor de reciclo;;;Centrífuga;45,42;;35;189;155;;Solución MEA;38;;;;;;;;;;;;;;;;;;;;;;;;;;;;;;;;;;;;;;;;;;;;;;;;;;;;;;;
;PQV;AMC;Amoniaco;40-P-11 A;Bombas de alimentación al purificador ;;;Centrífuga;;;;;;;;;;;;;;;;;;;;;;;;;;;;;;;;;;;;;;;;;;;;;;;;;;;;;;;;;;;;;;;
;PQV;AMC;Amoniaco;40-P-11 B;Bombas de alimentación al purificador ;;;Centrífuga;;;;;;;;;;;;;;;;;;;;;;;;;;;;;;;;;;;;;;;;;;;;;;;;;;;;;;;;;;;;;;;
;PQV;AMC;Amoniaco;40-P-12 A;Bombas de carga de MEA;;;Centrífuga;;;;;;;;;;;;;;;;;;;;;;;;;;;;;;;;;;;;;;;;;;;;;;;;;;;;;;;;;;;;;;;
;PQV;AMC;Amoniaco;40-P-12 B;Bombas de carga de MEA;;;Centrífuga;;;;;;;;;;;;;;;;;;;;;;;;;;;;;;;;;;;;;;;;;;;;;;;;;;;;;;;;;;;;;;;
;PQV;AMC;Amoniaco;40-P-13 A;Bombas de condensado;;;Centrífuga;;;;;;;;;;;;;;;;;;;;;;;;;;;;;;;;;;;;;;;;;;;;;;;;;;;;;;;;;;;;;;;
;PQV;AMC;Amoniaco;40-P-13 B;Bombas de condensado;;;Centrífuga;;;;;;;;;;;;;;;;;;;;;;;;;;;;;;;;;;;;;;;;;;;;;;;;;;;;;;;;;;;;;;;
;PQV;AMC;Amoniaco;40-P-14 A;Bombas de condensado;;;Centrífuga;52,69;;203;430;;;Condensado;139;;;;;;;;;;;;;;;;;;;;;;;;;;;;;;;;;;;;;;;;;;;;;;;;;;;;;;;
;PQV;AMC;Amoniaco;40-P-14 B;Bombas de condensado;;;Centrífuga;52,69;;203;430;;;Condensado;139;;;;;;;;;;;;;;;;;;;;;;;;;;;;;;;;;;;;;;;;;;;;;;;;;;;;;;;
;PQV;AMC;Amoniaco;40-P-14 C;Bombas de condensado;;;Centrífuga;52,69;;203;430;;;Condensado;139;;;;;;;;;;;;;;;;;;;;;;;;;;;;;;;;;;;;;;;;;;;;;;;;;;;;;;;
;PQV;AMC;Amoniaco;40-P-1 A;Bombas de condensado;;;Centrífuga;29,299;;2700;3090;;;Condensado;132;;;;;;;;;;;;;;;;;;;;;;;;;;;;;;;;;;;;;;;;;;;;;;;;;;;;;;;
;PQV;AMC;Amoniaco;40-P-1 A;Bombas de condensado;;;Centrífuga;29,299;;2700;3090;;;Condensado;132;;;;;;;;;;;;;;;;;;;;;;;;;;;;;;;;;;;;;;;;;;;;;;;;;;;;;;;
;PQV;AMC;Amoniaco;40-P-1 B;Bombas de condensado;;;Centrífuga;29,299;;2700;3090;;;Condensado;132;;;;;;;;;;;;;;;;;;;;;;;;;;;;;;;;;;;;;;;;;;;;;;;;;;;;;;;
;PQV;AMC;Amoniaco;40-P-2;Bombas de condensado (Retorno);;;Centrífuga;113,56;;;281;;;Agua de enfriamiento;40;;;;;;;;;;;;;;;;;;;;;;;;;;;;;;;;;;;;;;;;;;;;;;;;;;;;;;;
;PQV;AMC;Amoniaco;40-P-3 A;Bombas de condensado de proceso;;;Centrífuga;35,2;;28;380;350;;Condensado;49;;;;;;;;;;;;;;;;;;;;;;;;;;;;;;;;;;;;;;;;;;;;;;;;;;;;;;;
;PQV;AMC;Amoniaco;40-P-3 B;Bombas de condensado de proceso;;;Centrífuga;35,2;;28;380;350;;Condensado;49;;;;;;;;;;;;;;;;;;;;;;;;;;;;;;;;;;;;;;;;;;;;;;;;;;;;;;;
;PQV;AMC;Amoniaco;40-P-4;Bomba de Agua de la camisa del reformado secundario;;;Centrífuga vertical;0,1817;;;2810;2810;;Ocenol;32;;;;;;;;;;;;;;;;;;;;;;;;;;;;;;;;;;;;;;;;;;;;;;;;;;;;;;;
;PQV;AMC;Amoniaco;40-P-5;Bombas de reflujo;;;Centrífuga;107,884;;3650;3960;310;;Agua de alimentación a caldera;245;;;;;;;;;;;;;;;;;;;;;;;;;;;;;;;;;;;;;;;;;;;;;;;;;;;;;;;
;PQV;AMC;Servicios Industriales;03P-02A;MOTO BOMBA CALDERA 03;Combustion Engineering;;Centrifuga;244,1583;;230;7580;;;Agua;136;;;;;;;;;;;;50518;3500;900;80;0;2773;8;26;25,7;;;;;;;;;;900;3600;;;;;;;;;;;;;;;;;;;;;;;;
;PQV;AMC;Servicios Industriales;03P-02B;TURBO BOMBA CALDERA 03;Combustion Engineering;;Centrifuga;244,1583;;230;7580;;;Agua;136;;;;;;;;;;;;50518;3500;900;80;0;2773;8;26;25,7;;;;;;;;;;900;3600;;;;;;;;;;;;;;;;;;;;;;;;
;PQV;AMC;Servicios Industriales;04P-01A;MOTO BOMBA CALDERA 04;Combustion Engineering;;Centrifuga;244,1583;;230;7580;;;Agua;136;;;;;;;;;;;;50518;3500;900;80;0;2773;8;26;25,7;;;;;;;;;;900;3600;;;;;;;;;;;;;;;;;;;;;;;;
;PQV;AMC;Servicios Industriales;04P-01B;TURBO BOMBA CALDERA 04;Combustion Engineering;;Centrifuga;244,1583;;230;7580;;;Agua;136;;;;;;;;;0;0;;50518;3500;900;80;0;2773;8;26;25,7;;;;;;;;;;900;3600;;;;;;;;;;;;;;;;;;;;;;;;
;PQV;AMC;Servicios Industriales;14P-01A;MOTO BOMBA CALDERA 14;Zurn Industries;3600;Centrifuga;143,1;149,9;565,4;6729,3;6226;7,6;Agua;133;303,36;134;0,9348;0,206;;0,2425;;;0;0;0,18;4818-2;3560;464,8;75;4,7;681,8;8;21,9;19;BB3;6;900;3;900;axial;(VolutaMultiple/EntreCojinetes);TSCS  0230;JHON CRANE;0;3600;;;;;;;;;;;;;;;;;;;;;;;;
;PQV;AMC;Servicios Industriales;14P-01B;TURBO BOMBA CALDERA 14;Zurn Industries;3600;Centrifuga;143,1;149,9;565,4;6729,4;6226;7,6;Agua;133;303,4;134;0,9348;0,206;;0,2425;;;0;0;0,18;4818-2;3560;464,8;75;4,7;681,8;8;21,9;19;BB3;6;900;3;900;axial;(VolutaMultiple/EntreCojinetes);TSCS  0230;JHON CRANE;0;3600;;;;;;;;;;;;;;;;;;;;;;;;
;PQV;AMC;Servicios Industriales;15P-01A;MOTO BOMBA CALDERA 15;Zurn Industries;3600;Centrifuga;143,1;149,9;565,4;6729,5;6226;7,6;Agua;133;303,4;134;0,9348;0,206;;0,2425;;;0;0;0,18;4818-2;3560;464,8;75;4,7;681,8;8;21,9;19;BB3;6;900;3;900;axial;(VolutaMultiple/EntreCojinetes);TSCS  0230;JHON CRANE;0;3600;;;;;;;;;;;;;;;;;;;;;;;;
;PQV;AMC;Servicios Industriales;15P-01B;TURBO BOMBA CALDERA 15;Zurn Industries;3600;Centrifuga;143,1;149,9;565,4;6729,6;6226;7,6;Agua;133;303,4;134;0,9348;0,206;;0,2425;erovo;;0;0;0,18;4818-2;3560;464,8;75;4,7;681,8;8;21,9;19;BB3;6;900;3;900;axial;(VolutaMultiple/EntreCojinetes);TSCS  0230;JHON CRANE;0;3600;;;;;;;;;;;;;;;;;;;;;;;;
;PQV;AMC;Servicios Industriales;16P-01A;MOTO BOMBA CALDERA 16;Zurn Industries;;Centrifuga;143,1;149,9;565,37;6729,28;6225,97;7,62;Agua;132,77;303,07;133,88;0,9348;0,206;;0,2425;erovo;;0;NO;0,18;;3560;449;78;4,7;681,8;0;15,24;7,62;BB3;6;600;4;900;axial;(EntreCojinetes);standard;JHON CRANE;600;3600;;;;;;;;;;;;;;;;;;;;;;;;
;PQV;AMC;Servicios Industriales;16P-01B;TURBO BOMBA CALDERA 16;Zurn Industries;;Centrifuga;143,1;149,9;565,37;6729,28;6225,97;7,62;Agua;132,77;303,07;133,88;0,9348;0,206;;0,2425;erovo;;0;NO;0,18;;3560;449;78;4,7;681,8;0;15,24;7,62;BB3;6;600;4;900;axial;(EntreCojinetes);standard;JHON CRANE;600;3600;;;;;;;;;;;;;;;;;;;;;;;;
;PQV;AMC;Servicios Industriales;17P-01A;MOTO BOMBA CALDERA 17;Zurn Industries;;Centrifuga;143,1;149,9;565,37;6729,28;6225,97;7,62;Agua;132,77;303,07;133,88;0,9348;0,206;;0,2425;erovo;;0;NO;0,18;;3560;449;78;4,7;681,8;0;15,24;7,62;BB3;6;600;4;900;axial;(EntreCojinetes);standard;JHON CRANE;600;3600;;;;;;;;;;;;;;;;;;;;;;;;
;PQV;AMC;Servicios Industriales;17P-01B;TURBO BOMBA CALDERA 17;Zurn Industries;;Centrifuga;143,1;149,9;565,37;6729,28;6225,97;7,62;Agua;132,77;303,07;133,88;0,9348;0,206;;0,2425;erovo;;0;NO;0,18;;3560;449;78;4,7;681,8;0;15,24;7,62;BB3;6;600;4;900;axial;(EntreCojinetes);standard;JHON CRANE;600;3600;;;;;;;;;;;;;;;;;;;;;;;;
;PQV;AMC;Servicios Industriales;09P-01A;MOTO BOMBA CALDERA 09;Distral Termica;5K511SN198M;Centrifuga;105,61266;113,562;243,38;5414,45;5240,02;5,79;Agua;130,56;273,72;136,11;0,935;0,206;130,56;;;;0;0;;89T19-A;3550;302,3;73,4;4,27;572,8;6;25,71;24,98;BB3;6;600;3;600;axial;(EntreCojinetes);standard;L.C;350;3600;;;;;;;;;;;;;;;;;;;;;;;;
;PQV;AMC;Servicios Industriales;09P-01B;TURBO BOMBA CALDERA 09;Distral Termica;5K511SN198M;Centrifuga;105,61266;113,562;243,38;5414,45;5240,02;5,79;Agua;130,56;273,72;136,11;0,935;0,206;130,56;;;;0;0;;89T23-A;3550;302,3;73,4;4,27;572,8;6;25,71;24,98;BB3;6;600;3;600;axial;(EntreCojinetes);standard;L.C;350;3600;;;;;;;;;;;;;;;;;;;;;;;;
;PQV;AMC;Servicios Industriales;10P-01A;MOTO BOMBA CALDERA 10;Distral Termica;5K511SN198M;Centrifuga;105,61266;113,562;243,38;5414,45;5240,02;5,79;Agua;130,56;273,72;136,11;0,935;0,206;130,56;;;;0;0;;89T20-A;3550;302,3;73,4;4,27;572,8;6;25,71;24,98;BB3;6;600;3;600;axial;(EntreCojinetes);standard;L.C;350;3600;;;;;;;;;;;;;;;;;;;;;;;;
;PQV;AMC;Servicios Industriales;10P-01B;TURBO BOMBA CALDERA 10;Distral Termica;5K511SN198M;Centrifuga;105,61266;113,562;243,38;5414,45;5240,02;5,79;Agua;130,56;273,72;136,11;0,935;0,206;130,56;;;;0;0;;89T24-A;3550;302,3;73,4;4,27;572,8;6;25,71;24,98;BB3;6;600;3;600;axial;(EntreCojinetes);standard;L.C;350;3600;;;;;;;;;;;;;;;;;;;;;;;;
;PQV;AMC;Servicios Industriales;11P-01A;MOTO BOMBA CALDERA 11;Distral Termica;5K511SN198M;Centrifuga;105,61266;113,562;243,38;5414,45;5240,02;5,79;Agua;130,56;273,72;136,11;0,935;0,206;130,56;;;;0;0;;89T21-A;3550;302,3;73,4;4,27;572,8;6;25,71;24,98;;6;600;3;600;axial;(EntreCojinetes);series 71;L.C;350;3600;;;;;;;;;;;;;;;;;;;;;;;;
;PQV;AMC;Servicios Industriales;11P-01B;TURBO BOMBA CALDERA 11;Distral Termica;5K511SN198M;Centrifuga;105,61266;113,562;243,38;5414,45;5240,02;5,79;Agua;130,56;273,72;136,11;0,935;0,206;130,56;;;;0;0;;89T25-A;3550;302,3;73,4;4,27;572,8;6;25,71;24,98;;6;600;3;600;axial;(EntreCojinetes);series 71;L.C;350;3600;;;;;;;;;;;;;;;;;;;;;;;;
;PQV;AMC;Servicios Industriales;12P-01A;MOTO BOMBA CALDERA 12;Distral Termica;5K511SN198M;Centrifuga;105,61266;113,562;243,38;5414,45;5240,02;5,79;Agua;130,56;273,72;136,11;0,935;0,206;130,56;;;;0;0;;89T22-A;3550;302,3;73,4;4,27;572,8;6;25,71;24,98;;6;600;3;600;axial;(EntreCojinetes);series 71;L.C;350;3600;;;;;;;;;;;;;;;;;;;;;;;;
;PQV;AMC;Servicios Industriales;12P-01B;TURBO BOMBA CALDERA 12;Distral Termica;5K511SN198M;Centrifuga;105,61266;113,562;243,38;5414,45;5240,02;5,79;Agua;130,56;273,72;136,11;0,935;0,206;130,56;;;;0;0;;89T26-A;3550;302,3;73,4;4,27;572,8;6;25,71;24,98;;6;600;3;600;axial;(EntreCojinetes);series 71;L.C;350;3600;;;;;;;;;;;;;;;;;;;;;;;;
;PQV;AMC;Servicios Industriales;13P-01A;MOTO BOMBA CALDERA 13;Distral Termica;5K511SN198M;Centrifuga;105,61266;113,562;243,38;5414,45;5240,02;5,79;Agua;130,56;273,72;136,11;0,935;0,206;130,56;;;;0;0;;;3550;302,3;73,4;4,27;572,8;6;25,71;24,98;;6;600;3;600;axial;(EntreCojinetes);series 71;L.C;350;3600;;;;;;;;;;;;;;;;;;;;;;;;
;PQV;AMC;Servicios Industriales;13P-01B;TURBO BOMBA CALDERA 13;Distral Termica;5K511SN198M;Centrifuga;105,61266;113,562;243,38;5414,45;5240,02;5,79;Agua;130,56;273,72;136,11;0,935;0,206;130,56;;;;0;0;;;3550;302,3;73,4;4,27;572,8;6;25,71;24,98;;6;600;3;600;axial;(EntreCojinetes);series 71;L.C;350;3600;;;;;;;;;;;;;;;;;;;;;;;;
