Empresa,Complejo,planta,tag,servicio,tipo,fluido_c,temp_diseno_c,temp_entrada_c,temp_salida_c,flujo_total_c,flujo_entrada_vaporc,flujo_salida_vaporc,flujo_entrada_liquidoc,flujo_salida_liquidoc,cambio_fase,presion_diseno,presion_entrada_c,caida_carcasa_max_c,caida_carcasa_min_c,,fouling_carcasa,fluido_t,temperatura_diseno_t,temp_entrada_t,temp_salida_t,flujo_total_t,flujo_entrada_vaport,flujo_salida_vaport,flujo_entrada_liquidot,flujo_salida_liquidot,cambio_faset,presion_diseno_t,presion_entrada_t,caida_presion_max_t,caida_presion_min_t,,fouling_t,,q,mtd_c,area_total,n_tubos,long_tubos,od_tubos,id_carcasa,mat_carcasa,mat_tubo,conexiones_entrada_t,conexiones_salida_t,conexiones_entrada_c,conexiones_salida_c,tipo_tubo,pitch,fabricante,criticidad,corrosion_carcasa,corrosion_tubo,arreglo_serie,arreglo_paralelo,pasos_tubo,paso_carcasa,tema,cp_entrada_vapor_t,cp_salida_vapor_t,cp_entrada_liquido_t,cp_salida_liquido_t,cp_entrada_vapor_c,cp_salida_vapor_c,cp_entrada_liquido_c,cp_salida_liquido_c
PQV,AMC,OLEFINAS I,180-C,Enfriador 1era etapa 181-J,TUBO/CARCASA,Gas de proceso,343,97.6,40.6,117223,117223,114490,,2733,P,62.132,3.103,0.4,0.35,,0.00022,Agua enfriamiento,343,33.3,40.3,697188,,,697188,697188,S,80.132,5.503,0.8,0.8,,0.000294,,5657700,14.5,1405,738,11,0.0254,1.193,SA-516-70,SA-179,"14""-150#RF","14""-150#RF","2-20""-150#RF","26""-150#RF",Liso,0.03175,Kellog,S,0.003,0.005,1,1,2,,AJS,,,,,2166,1969,,4324
PQV,AMC,OLEFINAS I,181-C,Enfriador 2da etapa 181-J,TUBO/CARCASA,Gas de proceso,343,95.5,40.6,114699,114699,113296,,1403,P,72.132,5.583,0.9,0.3,,0.00022,Agua enfriamiento,343,33.3,40.3,534021,,,534021,534021,S,80.132,5.503,0.8,0.8,,0.000294,,4347583,16.4,579,980,10,0.01905,1.016,SA-516-70,SA-179,"10""-150#RF","10""-150#RF","2-16""-150#RF","20""-150#RF",Liso,0.0238,Kellog,S,0.005,0.003,1,1,2,,AJS,,,,,2181,1981,,2116
PQV,AMC,OLEFINAS I,182-C,Enfriador 3era etapa 181-J,TUBO/CARCASA,Gas de proceso,275,96.8,40.6,114311,114311,113179,,1127,P,120.132,9.833,0.62,0.2,,0.00022,Agua enfriamiento,343,33.3,40.3,528988,,,528988,528988,S,84.132,5.503,0.7,0.6,,0.000294,,428100,17.8,579,1352,7.315,0.01905,1.194,SA-516-70,SA-179,"10""-150#RF","10""-150#RF","2-14""-150#RF","18""-150#RF",Liso,0.0238,Kellog,S,0.003,0.003,1,1,2,,AJS,,,,,2202,2011,,2111
PQV,AMC,OLEFINAS I,183-C A,Rehervidor C3 splitter,TUBO/CARCASA,Hidrocarburos,343,66.1,68.2,593160,,207606,593160,385554,P,245.132,20.733,,,,0.000222,Agua Quench,149,110.9,74.6,378828,,,378828,378828,S,167.132,6.993,0.7,0.4,,0.000352,,15975000,19.5,939,866,6.096,0.01905,0.864,SA-516-70,SA 214,"8""-300#RF","8""-300#RF","2-10""-300#RF","2-12""-300#RF",Liso,0.02381,Kellog,N,0.003,0.006,1,3,4,,AXS,,,,,,2620,3015,2970
PQV,AMC,OLEFINAS I,183-C B,Rehervidor C3 splitter,TUBO/CARCASA,Hidrocarburos,343,66.1,68.2,593160,,207606,593160,38554,P,245.132,20.733,,,,0.000223,Agua Quench,149,110.9,74.6,378828,,,378828,378828,S,167.132,6.993,0.7,0.4,,0.000352,,15975000,19.5,939,866,6.096,0.01905,0.864,SA-516-71,SA 215,"8""-300#RF","8""-300#RF","2-10""-300#RF","2-12""-300#RF",Liso,0.02381,Kellog,N,0.003,0.006,1,3,4,,AXS,,,,,,2620,3015,2970
PQV,AMC,OLEFINAS I,183-C C,Rehervidor C3 splitter,TUBO/CARCASA,Hidrocarburos,343,66.1,68.2,593160,,207606,593160,38554,P,245.132,20.733,,,,0.000224,Agua Quench,149,110.9,74.6,378828,,,378828,378828,S,167.132,6.993,0.7,0.4,,0.000352,,15975000,19.5,939,866,6.096,0.01905,0.864,SA-516-72,SA 216,"8""-300#RF","8""-300#RF","2-10""-300#RF","2-12""-300#RF",Liso,0.02381,Kellog,N,0.003,0.006,1,3,4,,AXS,,,,,,2620,3015,2970
PQV,AMC,OLEFINAS I,101-C,Vaporizador Propano,TUBO/CARCASA,Propano,-6.7,18.5,18.5,61999,9766,43950,52233,18049,P,113.532,7.903,0.02,0.015,,0.00022,Propileno,-6.7,63.4,26,29654,29654,,,29654,T,234.132,11.783,0.03,0.03,,0.00018,,3333240,9.5,783,1837,7.315,0.01905,1.295,CS,CS,"10""-150#RF","6""-150#RF","2-6""-150#RF","3-10""-150#RF",Liso,0.02381,Kellog,S,0.00318,0.00159,1,1,2,,BJM,1811,,,2780,1810,1800,2720,2700
PQV,AMC,OLEFINAS I,204-C A,Enfriador reflujo pirolisis,TUBO/CARCASA,Agua enfriamiento,343,33.3,40.3,3370.36,,,3370.36,3370.36,S,8.013,5.503,0.7,0.7,,0.000294,Agua Proceso,292,88.9,40.6,630000,,,630000,630000,S,11.513,10.12,0.5,0.4,,0.000352,,27438700,15,2325,1797,7.315,,1.43,SA-516-70,SA 214,"8""-150#RF","8""-150#RF","18""-150#RF","18""-150#RF",Liso,,Kellog,N,0.006,0.003,1,3,4,1,AET,4320,4280,,,4187,4187,,
PQV,AMC,OLEFINAS I,204-C B,Enfriador reflujo pirolisis,TUBO/CARCASA,Agua enfriamiento,343,33.3,40.3,3370.36,,,3370.36,3370.36,S,8.013,5.503,0.7,0.7,,0.000294,Agua Proceso,292,88.9,40.6,630000,,,630000,630000,S,11.513,10.12,0.5,0.25,,0.000352,,27438700,15,2325,1797,7.315,,1.43,SA-516-70,SA 214,"8""-150#RF","8""-150#RF","18""-150#RF","18""-150#RF",Liso,,Kellog,N,0.006,0.003,1,3,4,1,AET,4320,4280,,,4187,4187,,
PQV,AMC,OLEFINAS I,204-C C,Enfriador reflujo pirolisis,TUBO/CARCASA,Agua enfriamiento,343,33.3,40.3,3370.36,,,3370.36,3370.36,S,8.013,5.503,0.7,0.7,,0.000294,Agua Proceso,292,88.9,40.6,630000,,,630000,630000,S,11.513,10.12,0.5,0.25,,0.000352,,27438700,15,2325,1797,7.315,,1.43,SA-516-70,SA 214,"8""-150#RF","8""-150#RF","18""-150#RF","18""-150#RF",Liso,,Kellog,N,0.006,0.003,1,3,4,1,AET,4320,4280,,,4187,4187,,
PQV,AMC,OLEFINAS I,208-C,Enfriador 4ta etapa compresor 181-J,TUBO/CARCASA,Gas de proceso,343,98.2,40.5,113392,113392,112347,,1045,P,22.013,19.633,0.35,0.23,,0.00022,Agua enfriamiento,155,33.3,40.6,501700,,,501700,501700,S,15.013,4.503,0.7,0.69,,0.000294,,4245227,18.7,514,1194,7.315,0.01905,0.99,SA-516-70,SA 214,"10""-150#RF","10""-150#RF","2-12""-300#RF","16""-300#RF",Liso,0.02381,Kellog,S,0.003,0.003,1,1,2,,AJS,,,,,2259,2101,2233,2903
PQV,AMC,OLEFINAS I,210-C,Enfriador 5ta etapa compresor 181-J,TUBO/CARCASA,Gas de proceso,264,104.5,40.5,110246,110246,110246,,,S,44.013,38.623,0.62,0.33,,0.00022,Agua enfriamiento,343,33.3,40.3,558080,,,558080,558080,S,29.713,5.503,0.82,0.82,,0.000294,,4543600,21,367,857,7.315,0.01905,0.889,SA-516-70,SA 179,"10""-150#RF","10""-150#RF","2-10""-300#RF","12""-300#RF",Liso,0.02381,Kellog,S,0.003,0.003,1,1,2,,AJS,,,,,2388,2307,,
PQV,AMC,OLEFINAS I,213-C,Enfriador efluente convertidor acetileno,TUBO/CARCASA,Gas de proceso,343,112.7,40.6,1.07E+05,1.07E+05,1.07E+05,,,S,20.713,17.313,0.5,0.5,,0.00022,Agua enfriamiento,127,33.3,40.3,5.72E+05,,,5.72E+05,5.72E+05,S,14.213,5.503,0.69,0.55,,0.000294,,4.66E+06,22.7,384,1080,6.096,0.01905,1.05,SA-516-70,SA 214,"12""-150#RF","12""-150#RF","18""-150#RF","18""-150#RF",Liso,0.02381,Kellog,S,0.0015,0.003,1,1,2,1,AES,,,,,2293,2078,,
PQV,AMC,OLEFINAS I,301-C,Generador de vapor de diluc��n,TUBO/CARCASA,Vapor de diluc�n,204,179,179,153273,,45982,153273,107291,P,13.013,10.003,,,,0.00018,Vapor de alta presi�n,343,326,200,41225,41225,41225,,,S,46.013,15.803,0.2,0.16,,0.00009,,2.58E+09,20.2,855.2,998,7.315,0.01905,1.372,SA-516-70,SA 214,"12""-600#RF","6""-600#RF","2-6""-150#RF","2-16""-150#RF",Liso,0.0254,Kellog,N,0.006,0.003,1,1,2,,BXU,,,,,,,,
PQV,AMC,OLEFINAS I,302-C,Calentador de vapor de diluc��n,TUBO/CARCASA,Vapor de diluc�n,427,371,206,3870,3870,3870,,,S,47.013,16.253,0.25,0.12,,0.00009,Vapor de alta presi�n,204,179,190,49707,49707,49707,,,S,32.013,9.953,0.35,0.2,,0.00018,,416.655,76.3,33.8,145,2.44,0.03175,0.559,SA-516-70,SA 214,"12""-300#RF","12""-300#RF","4""-600#RF","4""-600#RF",Liso,0.0397,Kellog,N,0.003,0.006,1,1,1,1,BEM,,,,,,,,
PQV,AMC,OLEFINAS I,303-C,Purga de vapor de diluci�n/ Intercambiador de condensados,TUBO/CARCASA,Purga de condensado,204,179,106,4.60E+03,4.60E+03,4.60E+03,,,S,13.013,,0.35,0.02,,0.00018,Condensado de proceso,121,89,101,2.67E+04,2.67E+04,2.67E+04,,,S,9.013,,0.35,0.12,,0.00018,,3.97E+05,33.5,13.3,94,2.44,0.01905,,SA-106-GR B,SA 214,"4""-150#RF","4""-150#RF","2""-150#RF","2""-150#RF",Liso,0.0254,Kellog,N,0.006,0.006,1,1,2,1,AES,,,,,,,,
PQV,AMC,OLEFINAS I,304-C,Enfriador purga de vapor de diluci�n,TUBO/CARCASA,Purga de condensado,121,106.8,40.6,4.60E+03,4.60E+03,4.60E+03,,,S,13.013,,0.35,0.02,,0.00018,Agua de enfriamiento,66,33.3,40.3,4.37E+04,,,4.37E+04,4.37E+04,S,9.013,,0.35,0.31,,0.000294,,3.56E+05,20.8,32.2,112,4.88,0.01905,,SA-106-GR B,SA 214,"4""-150#RF","4""-150#RF","2""-150#RF","1 1/2""-150#RF",Liso,0.0254,Kellog,N,0.006,0.003,1,1,2,1,AES,,,,,,,,
PQV,AMC,OLEFINAS I,2115-C,Cold Relief heater,TUBO/CARCASA,Vapor de alivio frio(Etileno),,-20,1,178000,178000,178000,,,S,,2.403,0.3,0.3,,0.000176,Vapor,,138.3,138.3,2607,2607,,,,S,,3.433,,0.18,,0.000088,,1555510,147.2,63.8,,4.267,,,,,,,,,,,,,,,1,1,,,,,,,,1460,1514,,
PQV,AMC,OLEFINAS I,103-CH I,Quench gases de pirolisis(Condiciones de dise�o),TUBO/CARCASA,Agua saturada,2.655.555,260,260,,,,,,S,,46.523,,,,0.0005,Efluente horno pirolisis,885,843.33,,39000,30000,30000,,,S,,21.855,,,,,,,,,,,,,CS,SA 312 T12,,,"1� 10""","1�12""",Liso,,Kellog,N,,,,1,1,1,QUENCH BOILER,,,,,3018.5373,3018.5373,,
PQV,AMC,OLEFINAS I,103-CH I,Quench gases de pirolisis(Caso alternativo I),TUBO/CARCASA,Agua saturada,2.655.555,260,260,,,,,,S,,46.523,,,,0.0005,Efluente horno pirolisis,885,826.66,,57000,44000,44000,,,S,,21.855,,,,,,,,,,6.096,,,CS,SA 312 T13,,,"1� 10""","1�12""",Liso,,Kellog,N,,,,1,1,1,QUENCH BOILER,,,,,2825.0456,2825.0456,,
PQV,AMC,OLEFINAS I,103-CH I,Quench gases de pirolisis(Caso alternativo II),TUBO/CARCASA,Agua saturada,2.655.555,260,260,,,,,,S,,396.241,,,,0.0005,Efluente horno pirolisis,885,843.33,,50700,39000,39000,,,S,,21.855,,,,,,,,,,6.096,,,CS,SA 312 T14,,,"1� 10""","1�12""",Liso,,Kellog,N,,,,1,1,1,QUENCH BOILER,,,,,2777.9844,2777.9844,,
PQV,AMC,OLEFINAS I,140-C A,Vaporizador alimentaci�n del hidrogenador,TUBO/CARCASA,HC,,33,34.8,12660,552,12660,12108,,P,,12.053,,,,0.00052,Vapor ,,138.3,138.3,1837,,,,,S,,2.44,0.13,0.2,,0.000176,,1096.4,,25,34,6.096,0.019,,CS,CS,"4""-150#RF","1 1/2""-150#RF","4""-150#RF","6""-150#RF",Tubo en U,0.0254,Industira metalurgias Van Dam,N,,,1,1,,,BKU,,,,,,,,
PQV,AMC,OLEFINAS I,140-C B ,Vaporizador alimentaci�n del hidrogenador,TUBO/CARCASA,HC,,33,34.8,12660,552,12660,12108,,P,,12.053,,,,0.00052,Vapor ,,138.3,138.3,1837,,,,,S,,2.44,0.13,0.2,,0.000176,,1096.4,,25,34,6.096,0.019,,CS,CS,"4""-150#RF","1 1/2""-150#RF","4""-150#RF","6""-150#RF",Tubo en U,0.0254,Industira metalurgias Van Dam,N,,,1,1,,,BKU,,,,,,,,
PQV,AMC,OLEFINAS I,141-C,Supercalentador alimentaci�n del hidrogenador,TUBO/CARCASA,Vapor,,398.9,254,4535,,,,,S,,42.403,0.04,0.04,,0.00088,Hidrocarburo,,59.8,260,19151,,,,,S,,11.08,0.07,0.07,,0.000352,,2520.207,,103,290,6.096,0.019,,SA 515-70,SA 179,"8""-600#RF","8""-600#RF","3""-600#RF","2""-600#RF",Liso,0.0238,Kellogg,N,,,1,1,,,AES,,,,,,,,
PQV,AMC,OLEFINAS I,113-C,Enfriador de alimentaci�n al secador,TUBO/CARCASA,Propileno,,10.2,10,20887,4770,20887,16117,,P,,7.763,0.03,0.05,,,Gas de proceso,,40.6,18.9,107062,107062,105118,,1657,P,,15.12,0.7,0.7,,,,1643.009,,214,598,3.048,0.019,,SA 516-70,SA 214,"16""-300#RF","16""-300#RF","8""-150#RF","2 X 6""-150#RF",Liso,0.0238,Kellogg,S,,,1,1,,,BJM,,,,,,,,
PQV,AMC,OLEFINAS I,156-C,Precalentador de Desaireado,TUBO/CARCASA,Alimentaci�n de agua para caldera,,49.4,68.3,130189,,,,,S,,4.463,1.2,0.56,,0.00088,Agua de proceso,,77.1,72.5,52292,,,,,S,,5.52,0.3,0.3,,0.000176,,2870.5,,193.4,539,7.315,0.01905,,CS,CS,"16""-150#RF","16""-150#RF","6""-150#RF","6""-150#RF",Liso,0.0238,Kellogg,N,,,1,1,,,NEN,,,,,,,,
PQV,AMC,OLEFINAS I,102-C,Super calentador de alimentaci�n de propano,TUBO/CARCASA,Vapor,,138.3,138.3,4655,,,,,S,,3.453,0.02,0.012,,0.00088,Propano,,18.5,46,61999,43950,61999,18049,,P,,6.94,0.45,0.42,,0.00022,,2775.2,,39.8,225,7.315,0.019,,CS,Acero soldado,"10""-150#RF","12""-150#RF","8""-150#RF","3""-150#RF",Liso,0.0238,Kellogg,S,,,1,1,,,BEM,,,,,,,,
PQV,AMC,OLEFINAS I,105-C A,Enfriamiento recirculaci�n a la 101-E,TUBO/CARCASA,Agua de enfriamineto,,40.3,46.1,1342514,,,,,S,,4.463,0.69,0.23,,0.000294,Agua de proceso,,80,65.6,522877,,,,,S,,4.83,0.14,0.14,,0.000352,,9055.9,,386.4,449,4.877,0.01905,,CS,CS,"12""-150#RF","12""-150#RF","16""-150#RF","16""-150#RF",Liso,0.0254,Kellogg,N,,,2,1,,,AES,,,,,,,,
PQV,AMC,OLEFINAS I,105-C B,Enfriamiento recirculaci�n a la 101-E,TUBO/CARCASA,Agua de enfriamineto,,40.3,46.1,1342514,,,,,S,,4.463,0.69,0.23,,0.000294,Agua de proceso,,80,65.6,522877,,,,,S,,4.83,0.14,0.14,,0.000352,,9055.9,,386.4,449,4.877,0.01905,,CS,CS,"12""-150#RF","12""-150#RF","16""-150#RF","16""-150#RF",Liso,0.0254,Kellogg,N,,,2,1,,,AES,,,,,,,,
PQV,AMC,OLEFINAS I,116-C,Intercambiador de regeneraci�n del secador,TUBO/CARCASA,Hidrocarburo,,14,195.2,12800,12800,12800,,,S,,6.203,0.2,0.09,,0.0001761,Hidrocarburo,,272,106.7,12800,12800,12800,,,S,,4.62,0.2,0.09,,0.0001762,,1643.9,,109,382,6.096,0.019,,CS,CS,"12""-150#RF","10""-150#RF","10""-150#RF","12""-150#RF",Liso,0.0238,Kellogg,S,,,1,1,,,BEM,,,,,,,,
PQV,AMC,OLEFINAS I,117-C,Enfriador de la regeneraci�n del secador,TUBO/CARCASA,Hidrocarburo,,106.7,40.6,12800,12800,12800,,,S,,5.383,0.2,0.1,,0.0001762,Agua de Enfriamiento,,33.3,40.3,71980,,,,,S,,4.49,0.35,0.05,,0.000352,,583,,138,482,3.048,0.019,,CS,CS,"6""-150#RF","6""-150#RF","TWO-8""-150#RF","10""-150#RF",Liso,0.0238,Kellogg,S,,,1,1,,,AJS,,,,,,,,
PQV,AMC,OLEFINAS I,132-C,Enfriador de Dripoleno,TUBO/CARCASA,Dripoleno,,95.1,40.6,3.68E+08,,,3.68E+08,3.68E+08,S,,4.503,0.7,0.08,,0.00022,Agua de enfriamiento,,33.3,40.3,1.48E+09,,,,,S,,4.5,0.7,0.6,,0.000294,,1.14E+10,,24.4,7,9.144,0.022,,CS,CS,"2-1/2"" 2-B.W","2-1/2"" 2-B.W","2-1/2"" 2-BOLT","2-1/2"" 2-BOLT",Horquilla,,Kellogg,S,,,1,1,,,Tuber�a doble,,,,,,,,
PQV,AMC,OLEFINAS I,139-C,Rehervidor del separador de Dripoleno,TUBO/CARCASA,Vapor,,138.3,138.3,49,,,,,S,,3.443,,,,0.00088,Hidrocarburo,,90.3,95.1,14129,,14129,14129,13826,P,,1.27,,0.51,,0.000329,,2939.1,,18,105,9.144,0.019,,SA 106-B,SA214,"4""-150#RF","4""-150#RF","2""-150#RF","1""-150#RF",Liso,0.0238,Kellogg,N,,,1,1,,,NEN,,,,,,,,
PQV,AMC,OLEFINAS I,143-C 1A,C3 splitter condenser,TUBO/CARCASA,Propileno,65.5,46.7,45.8,284196,284196,,,284196,T,23.763,19.083,0.35,0.16,,0.000176,Agua Enfriamiento,65.5,33.3,40.3,2809.144,,,2809.144,2809.144,S,11.353,5.503,0.7,0.5,,0.00029,,22869700,8.3,3866,1800,9.144,0.01905,1.143,CS,CS,"17""-150#RF","18""-150#RF","16""-300#RF","8""-150#RF",Liso ,0.02381,Kellog,N,0.00159,0.00159,2,2,1,,NJN,,,,,2357,,,2870
PQV,AMC,OLEFINAS I,143-C 2A,C3 splitter condenser,TUBO/CARCASA,Propileno,65.5,46.7,45.8,284196,284196,,,284196,T,23.763,19.083,0.35,0.16,,0.000176,Agua Enfriamiento,65.5,33.3,40.3,2809.144,,,2809.144,2809.144,S,11.353,5.503,0.7,0.08,,0.00029,,22869700,8.3,3866,1800,9.144,0.01905,1.143,CS,CS,"17""-150#RF","18""-150#RF","16""-300#RF","8""-150#RF",Liso ,0.02381,Kellog,N,0.00159,0.00159,2,2,1,,NJN,,,,,2357,,,2870
PQV,AMC,OLEFINAS I,143-C 1B,C3 splitter condenser,TUBO/CARCASA,Propileno,65.5,46.7,45.8,284196,284196,,,284196,T,23.763,19.083,0.35,0.16,,0.000176,Agua Enfriamiento,65.5,33.3,40.3,2809.144,,,2809.144,2809.144,S,11.353,5.503,0.7,0.08,,0.00029,,22869700,8.3,3866,1800,6.096,0.01905,1.143,CS,CS,"17""-150#RF","18""-150#RF","16""-300#RF","8""-150#RF",Liso ,0.02381,Kellog,N,0.00159,0.00159,2,2,1,,NJN,,,,,2357,,,2870
PQV,AMC,OLEFINAS I,143-C 2B,C3 splitter condenser,TUBO/CARCASA,Propileno,65.5,46.7,45.8,284196,284196,,,284196,T,23.763,19.083,0.35,0.16,,0.000176,Agua Enfriamiento,65.5,33.3,40.3,2809.144,,,2809.144,2809.144,S,11.353,5.503,0.7,0.08,,0.00029,,22869700,8.3,3866,1800,6.096,0.01905,1.143,CS,CS,"17""-150#RF","18""-150#RF","16""-300#RF","8""-150#RF",Liso ,0.02381,Kellog,N,0.00159,0.00159,2,2,1,,NJN,,,,,2357,,,2870
PQV,AMC,OLEFINAS I,112-C A,Alimentaci�n Conv. Acetileno/ Efluente,TUBO/CARCASA,Efluente Convertidor,283,225,112.6,107046,107046,1070456,,,S,20.663,17.633,0.32,0.1,,0.00022,Gas frio de Proceso,302,40.6,195,107046,107046,107046,,,S,20.663,19.283,0.32,0.03,,0.00022,,10666368,65.5,778,1089,6.096,0.01905,0.94,CS,CS,"10""-150#RF","10""-150#RF","10""-150#RF","10""-150#RF",Liso ,0.02381,Kellog,N,0.0015,0.0015,1,2,1,1,AES,2100,2560,,,2752,2292,,
PQV,AMC,OLEFINAS I,112-C B ,Alimentaci�n Conv. Acetileno/ Efluente,TUBO/CARCASA,Efluente Convertidor,283,225,112.6,107046,107046,1070456,,,S,20.663,17.633,0.32,0.1,,0.00022,Gas frio de Proceso,302,40.6,195,107046,107046,107046,,,S,20.663,19.283,0.32,0.03,,0.00022,,10666368,65.5,778,1089,9.144,0.01905,0.94,CS,CS,"10""-150#RF","10""-150#RF","10""-150#RF","10""-150#RF",Liso ,0.02381,Kellog,N,0.0015,0.0015,1,2,1,1,AES,2100,2560,,,2752,2292,,
PQV,AMC,OLEFINAS I,112-C C,Alimentaci�n Conv. Acetileno/ Efluente,TUBO/CARCASA,Efluente Convertidor,283,225,112.6,107046,107046,1070456,,,S,20.663,17.633,0.32,0.1,,0.00022,Gas frio de Proceso,302,40.6,195,107046,107046,107046,,,S,20.663,19.283,0.32,0.03,,0.00022,,10666368,65.5,778,1089,9.144,0.01905,0.94,CS,CS,"10""-150#RF","10""-150#RF","10""-150#RF","10""-150#RF",Liso ,0.02381,Kellog,N,0.0015,0.0015,1,2,1,1,AES,2100,2560,,,2752,2292,,
PQV,AMC,OLEFINAS I,125-C,Condensador desetanizador,TUBO/CARCASA,Propileno,65,-25.5,-25.5,34926,5197,34926,29729,,P,6.213,2.483,0.03,0.01,,0.00018,Hidrocarburos,65,-15.7,-16.5,97170,97170,58898,,38272,P,23.813,22.013,0.34,0.25,,0.00018,,3430000,9.4,1002,1877,9.144,0.01905,1.549,CS,CS,"10""-150#RF","10""-150#RF","2-10""-150#RF","3-10""-150#RF",Liso ,0.02381,Kellog,S,0.0016,0.0016,1,1,2,,BJM,2500,2500,,3180,1360,1360,2180,
PQV,AMC,OLEFINAS I,134-CA,Condensador Propileno,TUBO/CARCASA,Propileno,65,55.6,46,285808,285808,,,285808,T,23.413,19.463,0.61,0.05,,0.000176,Agua,65,33.3,40.3,3116900,,,,,P,16.013,5.513,0.7,0.36,,0.000294,,25377000,9.9,4896,3045,9.144,0.01905,1.448,SA 516-70,SA 214,"16""-150#RF","16""-150#RF","2-10""-300#RF","10""-300#RF",Liso,0.02381,Kellog,N,0.0013,0.003,1,3,2,1,NJN,,,,,2413,2434,,3205
PQV,AMC,OLEFINAS I,134-CB,Condensador Propileno,TUBO/CARCASA,Propileno,65,55.6,46,285808,285808,,,285808,T,23.413,19.463,0.61,0.05,,0.000176,Agua,65,33.3,40.3,3116900,,,,,P,16.013,5.513,0.7,0.36,,0.000294,,25377000,9.9,4896,3045,6.096,0.01905,1.448,SA 516-70,SA 214,"16""-150#RF","16""-150#RF","2-10""-300#RF","10""-300#RF",Liso,0.02381,Kellog,N,0.0013,0.003,1,3,2,1,NJN,,,,,2413,2434,,3205
PQV,AMC,OLEFINAS I,134-CC,Condensador Propileno,TUBO/CARCASA,Propileno,65,55.6,46,285808,285808,,,285808,T,23.413,19.463,0.61,0.05,,0.000176,Agua,65,33.3,40.3,3116900,,,,,P,16.013,5.513,0.7,0.36,,0.000294,,25377000,9.9,4896,3045,7.315,0.01905,1.448,SA 516-70,SA 214,"16""-150#RF","16""-150#RF","2-10""-300#RF","10""-300#RF",Liso,0.02381,Kellog,N,0.0013,0.003,1,3,2,1,NJN,,,,,2413,2434,,3205
PQV,AMC,OLEFINAS I,142-C,Ent.Hidrogenador/Efluente Hidrogenador,TUBO/CARCASA,Hidrocarburos caliente,413,399,186.4,47500,47500,47500,,,S,13.013,11.213,0.35,0.35,,0.00022,Hidrocarburos frio,302,35,288,47500,47500,47500,,,S,13.013,12.353,0.35,0.05,,0.000352,,8094200,129.4,486,680,7.315,0.01905,0.74,SA 516-70,SA 179,"8""-300#RF","8""-300#RF","8""-300#RF","8""-300#RF",Liso,0.02381,Kellog,N,0.0016,0.0016,1,2,1,1,AES,2010,2890,,,3250,2510,,
PQV,AMC,OLEFINAS I,144-C,Enfriador alimentacion demetanizador,TUBO/CARCASA,Propileno,65.6,2.11,2,47286,12895,47286,34391,,P,7.903,6.163,0.02,0.01,,0.0001,Gas de proceso,65.6,40.6,7,93122,93122,72728,,20394,P,42.413,37.223,,0.11,,0.000176,,3722000,14.11,452.7,1068,6.096,0.019,1.143,CS,CS,"10""-300#RF","10""-300#RF","2-10""-150#RF","3-8""-150#RF",Liso,0.02381,Kellog,S,0.0013,0.0013,1,1,1,,BJM,2290,2350,2280,2670,1540,1540,2442,2440
PQV,AMC,OLEFINAS I,145-C,Enfriador alimentacion demetanizador,TUBO/CARCASA,Propileno,65.6,-25.5,-25.7,39800,5810,39800,33990,,P,6.213,2.483,0.02,0.02,,0.0001,Gas de proceso,65.6,7,-19,93122,72728,43954,20394,49168,P,42.413,37.103,,0.1,,0.000176,,3920000,16.53,400,945,4.877,0.019,1.244,CS,CS,"10""-300#RF","10""-300#RF","2-8""-150#RF","3-8""-150#RF",Liso,0.02381,Kellog,S,0.0013,0.0013,1,1,1,,BJM,2354,2487,2677,2594,1360,1360,2180,2180
PQV,AMC,OLEFINAS I,148-C,Enfriador alimentacion demetanizador,TUBO/CARCASA,Etileno Refrigerante,65,-80,-80,27622,,9198,27622,18424,P,7.903,3.403,0.07,0.07,,0.000176,Gas de proceso,65,-58,-75,31349,16857,10292,14492,21057,P,42.383,36.233,,0.04,,0.000176,,1038950,11.5,164,459,4.877,0.019,0.583,SA-240-304,SA-334-GR.3,"8""-300#RF","8""-300#RF","2-3""-150#RF","2-6""-150#RF",Liso,0.02381,Kellog,S,0.0013,0.0013,1,1,1,,BJM,3173,4060,2695,2502,2501,1483,,2501
PQV,AMC,OLEFINAS I,149-C,Enfriador alimentacion demetanizador,TUBO/CARCASA,Etileno Refrigerante,65.6,-101,-101.1,5173,429,5173,4744,,P,7.903,1.173,0.02,0.01,,0.000176,Gas de proceso,65.6,-79.7,-90.1,40950,12596,9910,28354,31040,P,42.383,36.193,0.2,0.1,,0.000176,,638,15.7,78,278,9.144,0.0195,0.794,304 SS,A-334-GR:3,"8""-300#RF","8""-300#RF","4""-150#RF","6""-150#RF",Liso,0.02381,Kellog,S,0.0015,0.0015,1,1,1,,BJM,4307,5339,2460,2384,1020,1020,2001,
PQV,AMC,OLEFINAS I,163-C,Enfriador alimentacion demetanizador,TUBO/CARCASA,Propileno Refrigerante,145,-40.3,-40.7,11250,759,11250,10491,,P,11.523,1.383,0.04,0.04,,0.000176,Gas de proceso,260,-20,-34.4,61200,28214,20508,32985,40692,P,42.413,36.533,0.25,0.21,,0.000176,,1255500,12,204,725,9.144,0.0195,0.914,SA-516-70,SA-334-GRI,"8""-300#RF","8""-300#RF","2-6""-150#RF","3-6""-150#RF",Liso,0.02381,Kellog,S,0.003,0.003,1,1,2,,BJM,2487,2634,2594,2516,1278,1276,2068,2065
PQV,AMC,OLEFINAS I,186-C 1A,Condensaor C3 splitter,TUBO/CARCASA,Propileno,343,46.7,45.8,198937,198937,,,198937,T,24.013,19.423,0.34,0.17,,0.000176,Agua enfriamiento,149,33.3,40.3,196401,,,196401,196401,S,16.413,5.503,0.5,0.44,,0.00029,,16009385,,2672,1237,9.144,0.019,,SA-516-70,SA 214,"16""-150#RF","16""-150#RF","16""-300#RF","16""-300#RF",Liso,0.0238,Kellog,N,0.003,0.003,2,2,1,,NJM,,,,,2357,,,2870
PQV,AMC,OLEFINAS I,186-C 2A,Condensaor C3 splitter,TUBO/CARCASA,Propileno,343,46.7,45.8,198937,198937,,,198937,T,24.013,19.423,0.34,0.17,,0.000176,Agua enfriamiento,149,33.3,40.3,196401,,,196401,196401,S,16.413,5.503,0.5,0.44,,0.00029,,16009385,,2672,1237,9.144,0.019,,SA-516-70,SA 214,"16""-150#RF","16""-150#RF","16""-300#RF","16""-300#RF",Liso,0.0238,Kellog,N,0.003,0.003,2,2,1,,NJM,,,,,2357,,,2870
PQV,AMC,OLEFINAS I,186-C 1B,Condensaor C3 splitter,TUBO/CARCASA,Propileno,343,46.7,45.8,198937,198937,,,198937,T,24.013,19.423,0.34,0.17,,0.000176,Agua enfriamiento,149,33.3,40.3,196401,,,196401,196401,S,16.413,5.503,0.5,0.44,,0.00029,,16009385,,2672,1237,10.973,0.019,,SA-516-70,SA 214,"16""-150#RF","16""-150#RF","16""-300#RF","16""-300#RF",Liso,0.0238,Kellog,N,0.003,0.003,2,2,1,,NJM,,,,,2357,,,2870
PQV,AMC,OLEFINAS I,186-C 2B,Condensaor C3 splitter,TUBO/CARCASA,Propileno,343,46.7,45.8,198937,198937,,,198937,T,24.013,19.423,0.34,0.17,,0.000176,Agua enfriamiento,149,33.3,40.3,196401,,,196401,196401,S,16.413,5.503,0.5,0.44,,0.00029,,16009385,,2672,1237,8.534,0.019,,SA-516-70,SA 214,"16""-150#RF","16""-150#RF","16""-300#RF","16""-300#RF",Liso,0.0238,Kellog,N,0.003,0.003,2,2,1,,NJM,,,,,2357,,,2870
PQV,AMC,OLEFINAS I,191-C,Rehervidor desetanizador 110-E1,TUBO/CARCASA,Fondo Desetanizador 110-E1,343,-10.8,-11.3,1.34E+05,,4.71E+04,1.34E+05,8.74E+04,P,30.413,18.403,0.03,0.07,,0.0001761,Etileno,195,22.4,-5.3,5.52E+04,5.52E+04,,,5.52E+04,T,45.013,36.103,0.1,0.05,,0.000176,,4.39E+06,5.9,1302,2020,10.973,,,SA-516-70,SA 179,"8""-300#RF","8""-300#RF","4-6""-300#RF","4-10""-300#RF",Liso,0.02381,Kellog,N,0.003,0.003,1,1,2,,BXM,2257,,,6578,,2404,3150,3150
PQV,AMC,OLEFINAS I,192-C,1er Condensador bomba de calor del 110-E,TUBO/CARCASA,Propileno,343,-25.4,-25.5,7.48E+04,1.11E+04,7.48E+04,6.37E+04,,P,11.513,2.483,0.02,0.02,,0.000176,Etileno,195,-7.9,-20,2.03E+05,6.65E+04,,1.37E+05,2.03E+05,P,45.013,33.353,0.65,0.4,,0.000176,,7.34E+06,,792.7,1584,8.534,0.019,,SA-516-70,SA 214,"12""-300#RF","10""-300#RF","12""-150#RF","2-12""-150#RF",Liso,0.02381,Kellog,N,0.003,0.003,1,1,3,,NKN,3390,,5812,3902,1400,1400,2180,
PQV,AMC,OLEFINAS I,193-C,2do Condensador bomba de calor del 110-E,TUBO/CARCASA,Propileno,149,-40.5,-40.6,1.16E+04,8.47E+02,1.16E+04,1.08E+04,,P,11.513,1.373,0.03,0.03,,0.0001761,Etileno,149,-20,-26,2.03E+05,,,2.03E+05,2.03E+05,S,45.013,33.013,0.35,0.16,,0.000176,,1.29E+06,,98,343,4.877,0.0195,,SA-516-70,SA 334 GR,"10""-300#RF","10""-300#RF","6""-150#RF","10""-150#RF",Liso,0.02381,Kellog,N,0.003,0.003,1,1,1,,BKM,,,3902,3534,1300,1300,2060,
PQV,AMC,OLEFINAS I,196-C,Enfriador Propileno producto,TUBO/CARCASA,Propileno Refrigerante,199,-40,-40,10040,1205,10040,8835,,P,22.713,1.373,0.02,0.02,,0.000176,PropilenoProducto,343,46.3,-37,18684,,,18684,18684,P,32.013,23.003,0.35,0.2,,0.000176,,1075818,,71,199,4.572,0.0195,,SA-516-70,SA 334 GR1,"3""-300#RF","3""-300#RF","6""-300#RF","6""-300#RF",Liso,0.02381,Kellog,N,0.003,0.003,1,1,4,,BJM,,,18684,18684,1341,1341,2212,2212
PQV,AMC,OLEFINAS I,199-C A,Rehervidor debutanizador,TUBO/CARCASA,Fondo debutanizador,214,131.1,147.8,91572,8141,16653,83431,74919,P,14.013,11.843,0.02,,,0.00022,vapor,252,178,178,3056,3056,3056,,,S,13.013,9.603,0.06,0.06,,0.00088,,1669200,,44,82,4.572,0.0195,,SA-516-70,SA 214,"4""-150#RF","3""-150#RF","2-8""-150#RF","2-8""-150#RF",Liso,0.0254,Kellog,N,0.003,0.003,1,1,2,,AXU,,,,,2111,2045,2362,2464
PQV,AMC,OLEFINAS I,199-C B,Rehervidor debutanizador,TUBO/CARCASA,Fondo debutanizador,214,131.1,147.8,91572,8141,16653,83431,74919,P,14.013,11.843,0.02,,,0.00022,vapor,252,178,178,3056,3056,3056,,,S,13.013,9.603,0.06,0.06,,0.00088,,1669200,,44,82,4.572,0.0195,,SA-516-70,SA 214,"4""-150#RF","3""-150#RF","2-8""-150#RF","2-8""-150#RF",Liso,0.0254,Kellog,N,0.003,0.003,1,1,2,,AXU,,,,,2111,2045,2362,2464
PQV,AMC,OLEFINAS I,200-C,Enfriador de Propileno refrigerente,TUBO/CARCASA,Propileno,62,46,40.6,310606,,,301606,301606,S,22.013,18.853,0.34,0.3,,0.000176,Agua Enfriamiento,54,33.3,40.3,174330,,,174330,174330,S,15.013,5.503,0.7,0.7,,0.000294,,1487000,5.3,344,836,4.572,0.0195,,SA-516-70,SA 179,"8""-150#RF","8""-150#RF","12""-300#RF","12""-300#RF",Liso,0.02381,Kellog,S,0.003,0.003,1,1,4,1,BEM,,,,,,,3300,3060
PQV,AMC,OLEFINAS I,202-C,Rehervidor desetanizador,TUBO/CARCASA,Fondos desetanizador,343,-10.8,-11.3,2.45E+05,,8.56E+04,2.45E+05,1.59E+05,P,30.413,18.333,0.046,,,0.000176,Etileno,195,22.4,-5.3,1.00E+05,1.00E+05,,,1.00E+05,T,45.013,36.493,0.1,0.05,,0.000176,,7.95E+06,5.9,2237,3491,10.973,0.019,,,,"10""-300#RF","10""-300#RF","4-8""-300#RF","4-12""-300#RF",Liso,0.02381,Kellog,N,0.003,0.003,1,1,2,,BXM,2257,,,6578,,2404,3150,3150
PQV,AMC,OLEFINAS I,203-C,Rehervidor demetanizador,TUBO/CARCASA,Fondo Demetanizador,315,-0.2,0.9,75910,,38489,75910,37421,P,38.513,34.453,0.03,0.03,,0.00022,Propileno,343,47.3,41,26861,26861,,,26861,T,26.013,16.95,0.35,0.35,,0.000176,,2505000,40.8,77.5,130,4.877,0.000176,,SA-516-70,SA 214,"6""-300#RF","6""-300#RF","8""-300#RF","Vap 2""-300#RF",Tubio en U,0.02381,Kellog,N,0.003,0.003,1,1,2,,BKU,2090,,,2840,,2930,4650,4580
PQV,AMC,OLEFINAS I,207-C,Enfriador entrada demetanizador,TUBO/CARCASA,Etileno Refrigerante,65,-101.3,-101.6,2495,207,2495,2288,,P,11.513,1.173,0.01,0.01,,0.000176,Gas de proceso,65,-90.1,-95.6,40950,9910,8772,31040,32178,P,42.413,36.113,0.1,0.06,,0.000176,,429100,8.2,1302,458,4.877,0.01905,,SA-240-304,SA 208-TP304,"8""-300#RF","8""-300#RF","4""-150#RF","2-4""-150#RF",Liso,0.02381,Kellog,S,0.00025,0.00025,1,1,1,,BJM,5336,5386,2383,2343,1020,1020,2000,
PQV,AMC,OLEFINAS I,195-C,Enfriador del producto l�quido de etileno,TUBO/CARCASA,Refrigerante de etileno,,-101.1,-100.8,9133,,9133,9133,,T,,1.213,0.02,,,0.000176,Etileno,,-28.9,-98,22919,,,22919,22919,S,,18.99,0.35,0.13,,0.000176,,1161.7,,86,240,6.096,0.01905,,SA-240-304,SA-249-TP304,"6""-300#RF","6""-300#RF","3""-150#RF","TWO-8""-150#RF",Liso,0.02381,Kellogg,N,,,1,1,,,AJM,,,,,,,,
PQV,AMC,OLEFINAS I,126-C A,Rehervidor del Deetanizador,TUBO/CARCASA,Fondo del deetanizador,,66.4,69.7,276125,,96645,276125,179480,P,,21.863,0.03,,,0.00022,Agua Caliente,,108.4,75,191877,,,,,S,,5.99,0.7,0.5,,0.000352,,7740,,470,644,6.096,0.01905,,CS,CS,"6""-150#RF","6""-150#RF","TWO-8""-300#RF","TWO-8""-300#RF",Liso,0.02381,Kellogg,N,,,1,2,,,AHS,,,,,,,,
PQV,AMC,OLEFINAS I,126-C B,Rehervidor del Deetanizador,TUBO/CARCASA,Fondo del deetanizador,,66.4,69.7,276125,,96645,276125,179480,P,,21.863,0.03,,,0.00022,Agua Caliente,,108.4,75,191877,,,,,S,,5.99,0.7,0.5,,0.000352,,7740,,470,644,4.878,0.01905,,CS,CS,"6""-150#RF","6""-150#RF","TWO-8""-300#RF","TWO-8""-300#RF",Liso,0.02381,Kellogg,N,,,1,2,,,AHS,,,,,,,,
PQV,AMC,OLEFINAS I,133-C,Atemperador de propileno,TUBO/CARCASA,Propileno,,90.8,47.5,265848,265848,,265848,,P,,20.163,0.7,0.22,,0.000176,Agua,,33.3,40.3,832990,,,,,P,,4.49,0.6,0.3,,0.000294,,6723,,703,1980,6.096,0.019,,CS,CS,"18""-300#RF","18""-300#RF","16""-300#RF","18""-300#RF",Liso,0.023,VAN DAM,S,,,1,1,,,CJM,,,,,,,,
PQV,AMC,OLEFINAS I,135-C,Atemperador de refrigerante de etileno de nivel alto,TUBO/CARCASA,Etileno,,68.9,40.6,3.84E+09,3.84E+09,3.84E+09,,,P,,18.963,0.63,0.24,,0.000176,Agua,,33.3,40.3,6.57E+09,,,,,S,,4.49,0.41,0.23,,0.000294,,5.35E+10,,143,501,7.315,0.019,,CS,CS,"6""- 150#RF","6""- 150#RF","2 X 6""-150#RF"," 8""-150#RF",Liso,0.023,Industira metalurgias Van Dam,N,,,1,1,,,CJM,,,,,,,,
PQV,AMC,OLEFINAS I,136-C,Atemperador de refrigerante de etileno de nivel intermedio,TUBO/CARCASA,Propileno,,-25.8,-25.8,38638,,12879,38638,25759,P,,2.453,0.02,0.02,,0.000176,Etileno,,40.6,-19.4,51744,51744,51744,,,S,,17.22,0.32,0.17,,0.000176,,14.872,,130,365,7.315,0.019,,SA 516-55,SA 214,"8""- 300#RF","8""- 300#RF","2 X 6""-150#RF","2 X 8""-150#RF",Liso,0.023,Kellogg,S,,,1,1,,,BHM,,,,,,,,
PQV,AMC,OLEFINAS I,137-C A,Condensador de refrigerante de etileno,TUBO/CARCASA,Propileno,,-41,-41,130692,,43564,130692,87128,P,,1.353,0.02,0.02,,0.000176,Etileno,,-19.4,-33.9,51744,51744,,,51744,T,,16.89,0.53,0.5,,0.000176,,5.22,,1368,1598,6.096,0.019,,CS,CS,"6""-150#RF","4""-150#RF","3 X 6""-150#RF","3 X 10""""-150#RF",Liso,0.023,Kellogg,S,,,1,2,,,BHM,,,,,,,,
PQV,AMC,OLEFINAS I,137-C B,Condensador de refrigerante de etileno,TUBO/CARCASA,Propileno,,-41,-41,130692,,43564,130692,87128,P,,1.353,0.02,0.02,,0.000176,Etileno,,-19.4,-33.9,51744,51744,,,51744,T,,16.89,0.53,0.5,,0.000176,,5.22,,1368,1598,6.096,0.019,,CS,CS,"6""-150#RF","4""-150#RF","3 X 6""-150#RF","3 X 10""""-150#RF",Liso,0.023,Kellogg,S,,,1,2,,,BHM,,,,,,,,
PQV,AMC,OLEFINAS I,147-C,Demethanizer feed chiller,TUBO/CARCASA,Etileno,,-62,-62,5.28E+09,,1.76E+09,5.28E+09,3.52E+09,P,,6.993,0.07,0.07,,0.000176,Alimentaci�n Demet,,-34.4,-58,3.13E+09,3.13E+09,1.69E+09,,1.45E+09,P,,35.52,0,0.17,,0.000352,,1.92E+08,,261,731,6.096,0.019,,S.S,SA-334 GR.3,"6""-300#RF","8""-300#RF","2 6""-150#RF","2 6""-150#RF",Liso,0.023,Kellogg,S,,,1,1,,,BHM,,,,,,,,
PQV,AMC,OLEFINAS I,129-C A,C3 SPLITTER REBOILER,TUBO/CARCASA,C3 SPLITTER FONDO,,66.1,68.2,847.371,,296.58,847.371,550.791,P,,20.733,0.02,0.02,,0.0002,Agua,,110.9,76,541.184,,,,,S,,5.99,0.7,0.89,,0.000352,,22.82,,1.432,1344,6.096,0.01905,,CS,CS,"8""-150#RF","8""-150#RF","10""-300#RF","12""-300#RF",Liso,0.02381,Kellogg,N,,,1,3,,,AHS,,,,,,,,
PQV,AMC,OLEFINAS I,129-C B,C3 SPLITTER REBOILER,TUBO/CARCASA,C3 SPLITTER FONDO,,66.1,68.2,847.371,,296.58,847.371,550.791,P,,20.733,0.02,0.02,,0.0002,Agua,,110.9,76,541.184,,,,,S,,5.99,0.7,0.89,,0.000352,,22.82,,1.432,1344,6.096,0.01905,,CS,CS,"8""-150#RF","8""-150#RF","10""-300#RF","12""-300#RF",Liso,0.02381,Kellogg,N,,,1,3,,,AHS,,,,,,,,
PQV,AMC,OLEFINAS I,129-C C,C3 SPLITTER REBOILER,TUBO/CARCASA,C3 SPLITTER FONDO,,66.1,68.2,847.371,,296.58,847.371,550.791,P,,20.733,0.02,0.02,,0.0002,Agua,,110.9,76,541.184,,,,,S,,5.99,0.7,0.89,,0.000352,,22.82,,1.432,1344,6.096,0.01905,,CS,CS,"8""-150#RF","8""-150#RF","10""-300#RF","12""-300#RF",Liso,0.02381,Kellogg,N,,,1,3,,,AHS,,,,,,,,
PQV,AMC,OLEFINAS I,107-C,Calentador de circulaci�n del depurador de pir�lisis,TUBO/CARCASA,Vapor,,138.3,138.3,15664,15664,,,15664,T,,3.433,0.14,0.03,,0.000088,Agua de Enfriamiento,,96.3,110.9,525000,,,525000,525000,S,,7.39,0.16,0.16,,0.00026,,9.357,,,355,2.4,0.019,,C STL,C STL,"12""-150#RF","12""-150#RF","10""-150#RF","3""-150#RF",Liso,0.0238,Kellogg,N,,,1,2,,,NEN,,,,,,,,
PQV,AMC,OLEFINAS I,206-C,Cooler de condensado de proceso,TUBO/CARCASA,Agua de enfriamiento,,33.3,40.3,236330,,,236330,26330,P,,5.503,0.62,0.57,,0.00029,Agua de proceso,,96.2,40.6,28639,,,28639,28639,P,,1.04,0.55,0.55,,0.00035,,19.241,,,326,6.1,0.01905,,SA-516-70,SA-179,"3""-150#RF","3""-150#RF","10""-150#RF","10""-150#RF",Liso,0.0254,Kellogg,N,,,1,3,,,AES,,,,,,,,
PQV,AMC,OLEFINAS II,E-102,BFW PREHEATER,TUBO/CARCASA,Agua de alimentacion a Caldera,,120,198.2,,,,37949,37949,S,,75,0.8,0.0536,,0.000086,Gas Crackeado,,361,230,,37490.7,37490.7,,,S,,1.8,0.0536,0.034,,0.00026,,3563098,,166,905,2.4,0.0254,1.066,SA537 CL 1,SA209 GR T1,,,,,,0.032,,N,,,1,6,1,1,BEM,2780,2440,,,,,4230,4460
PQV,AMC,OLEFINAS II,E-2802 A,Trim cooler,TUBO/CARCASA,Gas Crackeado,,57,37,,128540,121348.4,41635.5,48827.1,P,,1.64,0.08,,,0.00026,Agua de enfriamiento,,32,42,,,,618181,618181,S,,5.5,1,,,0.00034,,-7176000,,1045.6,2298,6.1,0.0254,2.24,SA537 CL 1,SA179,,,,,,0.032,,N,,,2,1,6,1,BXS,,,4181,4182,2008,1957,4177,4173
PQV,AMC,OLEFINAS II,E-2802 B,Trim cooler,TUBO/CARCASA,Gas Crackeado,,57,37,,128540,121348.4,41635.5,48827.1,P,,1.64,0.08,,,0.00026,Agua de enfriamiento,,32,42,,,,618181,618181,S,,5.5,1,,,0.00034,,-7176000,,1045.6,2298,6.1,0.0254,2.24,SA537 CL 1,SA179,,,,,,0.032,,N,,,2,1,6,1,BXS,,,4181,4182,2008,1957,4177,4173
PQV,AMC,OLEFINAS II,E-3002 A,Procces steam generator,TUBO/CARCASA,Vapor-PR,,179.6,183.2,,,35845.4,36645.4,800,P,,11.1,,,,0.00034,Vapor-MP,,280,195.6,,33440.7,,,33440.7,T,,14.3,,,,0.00009,,20094200,,813,1700,6.1,0.0254,1.942,SA537 CL 1,SA179,,,,,,0.032,,N,,,1,2,2,1,BKU,2270,,,4470,,2630,4400,4420
PQV,AMC,OLEFINAS II,E-3002 B,Procces steam generator,TUBO/CARCASA,Vapor-PR,,179.6,183.2,,,35845.4,36645.4,800,P,,11.1,,,,0.00034,Vapor-MP,,280,195.6,,33440.7,,,33440.7,T,,14.3,,,,0.00009,,20094200,,813,1700,6.1,0.0254,1.942,SA537 CL 1,SA179,,,,,,0.032,,N,,,1,2,2,1,BKU,2270,,,4470,,2630,4400,4420
PQV,AMC,OLEFINAS II,E-3005,Blow down water cooler,TUBO/CARCASA,Agua de enfriamiento,,32,44,,,,35569,35569,S,,5.5,0.5,0.03625,,0.00034,Agua de procesos,,111.5,45,,424.29,,2575.7,3000,P,,1.5,0.4,0.02107,,0.00034,,495118,,46.751,122,4.9,0.0254,0.488,SA515 GR.60,SA179,,,,,,0.032,,N,,,1,1,2,1,BES,,,4180,4180,2080,,4230,4180
PQV,AMC,OLEFINAS II,E-3101 A,Cracked gas 1st stage intercooler,TUBO/CARCASA,Gas crackeado,,60.4,37,,123944.7,119574.3,,4420.4,P,,2.9,,0.05,,0.00026,Agua de enfriamiento,,32,48,,,,245653.8,245653.8,S,,5.5,,,,0.00034,,4562600,,878.6,1944,6.1,0.0254,1.942,SA537 CL1,SA179,,,,,,0.032,,N,,,2,1,10,1,BXS,,,4181,4183,2035,1970,,4181
PQV,AMC,OLEFINAS II,E-3101 B,Cracked gas 1st stage intercooler,TUBO/CARCASA,Gas crackeado,,60.4,37,,123944.7,119574.3,,4420.4,P,,2.9,,0.05,,0.00026,Agua de enfriamiento,,32,48,,,,245653.8,245653.8,S,,5.5,,,,0.00034,,4562600,,878.6,1944,6.1,0.0254,1.942,SA537 CL1,SA179,,,,,,0.032,,N,,,2,1,10,1,BXS,,,4181,4183,2035,1970,,4181
PQV,AMC,OLEFINAS II,E-3102 A,Cracked gas 2nd stage intercooler,TUBO/CARCASA,Gas crackeado,,66,37,,121790.7,118548.2,,3242.5,P,,5.6,,-0.03,,0.00026,Agua de enfriamiento,,32,48,,,,223340,223340,S,,5.5,,-1.07,,0.00034,,4148000,,761.2,1684,6.1,0.0254,1.942,SA537 CL1,SA179,,,,,,0.032,,N,,,2,1,10,1,BXS,,,4181,4183,2075,1995,,4177
PQV,AMC,OLEFINAS II,E-3102 B,Cracked gas 2nd stage intercooler,TUBO/CARCASA,Gas crackeado,,66,37,,121790.7,118548.2,,3242.5,P,,5.6,,-0.03,,0.00026,Agua de enfriamiento,,32,48,,,,223340,223340,S,,5.5,,-1.07,,0.00034,,4148000,,761.2,1684,6.1,0.0254,1.942,SA537 CL1,SA179,,,,,,0.032,,N,,,2,1,10,1,BXS,,,4181,4183,2075,1995,,4177
PQV,AMC,OLEFINAS II,E-3103 A,Cracked gas 3rd stage intercooler,TUBO/CARCASA,Gas crackeado,,70,37,,120253.7,117015.4,,3238.3,P,,10.6,,,,0.00026,Agua de enfriamiento,,32,48,,,,208611.3,208611.3,S,,5.5,,,,0.00034,,3.874,,572.8,1148,6.1,0.0254,1.154,SA537 CL1,SA179,,,,,,0.032,,N,,,2,1,8,1,BES,,,4181,4183,2125,2053,,3374
PQV,AMC,OLEFINAS II,E-3103 B,Cracked gas 3rd stage intercooler,TUBO/CARCASA,Gas crackeado,,70,37,,120253.7,117015.4,,3238.3,P,,10.6,,,,0.00026,Agua de enfriamiento,,32,48,,,,208611.3,208611.3,S,,5.5,,,,0.00034,,3.874,,572.8,1148,6.1,0.0254,1.154,SA537 CL1,SA179,,,,,,0.032,,N,,,2,1,8,1,BES,,,4181,4183,2125,2053,,3374
PQV,AMC,OLEFINAS II,E-3104 A,Cracked gas 4th stage intercooler,TUBO/CARCASA,Gas crackeado,,73.2,60,,118552.9,117793.8,,759.1,P,,19.7,,,,0.00026,Agua de enfriamiento,,32,48,,,,77632.4,77632.4,S,,5.5,,,,0.00034,,-1441900,,143.9,312,6.1,0.0254,0.968,SA537 CL1,SA179,,,,,,0.032,,N,,,1,1,6,1,BES,,,4181,4183,2208,2189,,4183
PQV,AMC,OLEFINAS II,E-3104 B,Cracked gas 4th stage intercooler,TUBO/CARCASA,Gas crackeado,,60,37,,117771.2,115888.8,,1882.4,P,,19.3,,,,0.00026,Agua de enfriamiento,,32,45,,,,140400,140400,S,,5.5,,,,0.00034,,-2184000,,392.8,860,6.1,0.0254,1.456,SA537 CL1,SA179,,,,,,0.032,,N,,,2,1,8,1,BES,,,4181,4180,2186,2097,,2619
PQV,AMC,OLEFINAS II,E-3104 C,Cracked gas 4th stage intercooler,TUBO/CARCASA,Gas crackeado,,60,37,,117771.2,115888.8,,1882.4,P,,19.3,,,,0.00026,Agua de enfriamiento,,32,45,,,,140400,140400,S,,5.5,,,,0.00034,,-2184000,,392.8,860,6.1,0.0254,1.456,SA537 CL1,SA179,,,,,,0.032,,N,,,2,1,8,1,BES,,,4181,4180,2186,2097,,2619
PQV,AMC,OLEFINAS II,E-3105 A,Cracked gas 5th stage intercooler,TUBO/CARCASA,Gas crackeado,,77.3,43,,122408.6,121296.8,,1111.8,P,,37.7,,,,0.00026,Agua de enfriamiento,,32,48,,,,165699.2,165699.2,S,,5.5,,,,0.00034,,-3270100,,209.9,460,6.1,0.0254,1.066,SA537 CL1,SA179,,,,,,0.032,,N,,,2,1,4,1,BES,,,4181,4183,2300,2282,,3770
PQV,AMC,OLEFINAS II,E-3105 B,Cracked gas 5th stage intercooler,TUBO/CARCASA,Gas crackeado,,77.3,43,,122408.6,121296.8,,1111.8,P,,37.7,,,,0.00026,Agua de enfriamiento,,32,48,,,,165699.2,165699.2,S,,5.5,,,,0.00034,,-3270100,,209.9,460,6.1,0.0254,1.066,SA537 CL1,SA179,,,,,,0.032,,N,,,2,1,4,1,BES,,,4181,4183,2300,2282,,3770
PQV,AMC,OLEFINAS II,E-3501,Spent caustic cooler,TUBO/CARCASA,Soda casutica gastada,,60,40,,,,3111,3111,S,,5.5,0.064,,,0.0004,Agua de enfriamiento,,32,39,,,,7074,7074,S,,5.5,0.0446,,,0.00034,,57500,,11.2,24,6.1,0.0254,0.26,SA106 GRA,SA179,,,,,,0.032,,N,,,1,1,4,1,SRFH,,,4180,4180,,,3180,3470
PQV,AMC,OLEFINAS II,E-3601,C2-Hydrogenation heater,TUBO/CARCASA,LP-  Vapor/Condensado,,133.6,133,,8722.7,,,8722.7,T,,3,0.013,0.01,,0.00009,Gas crackeado,,43,110,,121295.5,121295.5,,,S,,37.45,0.161,0.174,,0.00026,,-5247000,,198.59,694,3.7,0.0234,1.066,SA537 CL1,SA179,,,,,,0.032,,N,,,1,1,2,1,U-Tube,2281,2384,,,2198,,,4269
PQV,AMC,OLEFINAS II,E-3602,C2-Hydrogenation cooler I,TUBO/CARCASA,Gas crackeado,,150,60,,121295.5,121295.5,,,S,,36.6,0.15,0.14,,0.00026,Agua de enfriamiento,,32,48,,,,384976.1,384976.1,S,,5.5,0.5,0.39,,0.00034,,-7150.2,,290.6,792,4.9,0.0254,1.26,SA537 CL1,SA179,,,,,,0.032,,N,,,1,1,4,1,BES,,,4181,4183,2454,2293,,
PQV,AMC,OLEFINAS II,E-3603,C2-Hydrogenation cooler I,TUBO/CARCASA,Gas crackeado,,150,60,,121295.5,121295.5,,,S,,36.6,0.15,0.14,,0.00026,Agua de enfriamiento,,32,48,,,,384976.1,384976.1,S,,5.5,0.5,0.39,,0.00034,,-7150.2,,290.6,792,4.9,0.0254,1.26,SA537 CL1,SA179,,,,,,0.032,,N,,,1,1,4,1,BES,,,4181,4183,2454,2293,,
PQV,AMC,OLEFINAS II,E-3604 A,C2-Hydrogenation cooler III,TUBO/CARCASA,Gas crackeado,,110,37,,121295,119946.1,,1349.4,P,,35.9,0.15,0.14,,0.00026,Agua de enfriamiento,,32,48,,,,311572,311572,S,,5.5,0.5,0.48,,0.00034,,-5786900,,416.7,920,6.1,0.0254,1.358,SA537 CL1,SA179,,,,,,0.032,,N,,,2,1,4,1,BES,,,4181,4183,2359,2264,,
PQV,AMC,OLEFINAS II,E-3604 B,C2-Hydrogenation cooler III,TUBO/CARCASA,Gas crackeado,,110,37,,121295,119946.1,,1349.4,P,,35.9,0.15,0.14,,0.00026,Agua de enfriamiento,,32,48,,,,311572,311572,S,,5.5,0.5,0.48,,0.00034,,-5786900,,416.7,920,6.1,0.0254,1.358,SA537 CL1,SA179,,,,,,0.032,,N,,,2,1,4,1,BES,,,4181,4183,2359,2264,,
PQV,AMC,OLEFINAS II,E-3704,Condensate heater,TUBO/CARCASA,LP- Vapor,,133.6,133.1,,402,,,402,T,,3,0.01,0.042,,0.00009,Condensado,,15,48,,,741,8743.9,8002,P,,35.5,0.05,0.0342,,0.000017,,244400,,11.19,48,3,0.0254,0.31,SA106 GR.B,SA179,,,,,,0.032,,N,,,1,1,2,1,BEU,,,2340,2480,2180,,,4250
PQV,AMC,OLEFINAS II,E-3801,Reboiler deethanizer I,TUBO/CARCASA,C2/C3+,,24.9,31.3,,,38534.2,125167.4,86633.2,P,,34.7,,,,0.00034,C3H6,,57.1,44.7,,,,293744.4,293744.4,S,,23.9,0.15,0.1343,,0.00017,,3090300,,248.14,634,4.9,0.0254,0.968,SA537 CL1,SA334 GR.1,,,,,,0.032,,S,,,1,1,2,1,BHU,,,3240,2940,,2850,3950,3860
PQV,AMC,OLEFINAS II,E-3802,Reboiler deethanizer II,TUBO/CARCASA,LP-Vapor,,133.6,133,,12492,,,12492,T,,3,,,,0.00009,C3+,,72,73.4,,,109347,377060,267713,P,,26.8,0.1496,0.1496,,0.00034,,7509999,,398.95,1724,3,0.0254,1.456,SA537 CL1,SA334 GR.1,,,,,,0.032,,N,,,1,1,,,BEM,,2740,4020,3960,2180,,,4250
PQV,AMC,OLEFINAS II,E-4101,Reflux condenser Demethanizer,TUBO/CARCASA,LP C -Ref,,-101.7,-101.7,,673.6,6100.6,5427,,P,,1.14,,,,0,C1/C2,,-95,-96,,31130,21687.1,,9442.9,P,,31.6,,,,,,720900,,233,572,4.8,0.0254,1.3,SA213,SA240 GR.304,,,,,,0.032,,S,,,1,1,2,1,BKU,4510,4400,,5990,1290,1290,,2410
PQV,AMC,OLEFINAS II,E-4305,Subcooler II,TUBO/CARCASA,C2-Producto,,-32.76,25,,43820,43820,,,S,,18,0.0921,,,0,C3,,37.81,26.94,,,,162188,162188,S,,22.8,0.175,0.0534,,,,1324493,,222.15,464,6.1,0.0254,0.87,SA334 GR.1,"SA537 CL,1",,,,,,0.032,,N,,,1,1,2,1,U-Tube,,,2780,2640,2140,1780,,
PQV,AMC,OLEFINAS II,E-4402,Suction drum vaporizer,TUBO/CARCASA,ND C2H4-Ref,,-101.9,-102.7,,,3421.4,3421.4,,T,,1.12,,,,0,C2H4-Ref desde la tercera etapa,,-32.6,-43.6,,,,33638.9,33638.9,S,,18.1,0.075,0.062,,,,454100,,8.5,98,1,0.0254,0.388,SA214 GR.TP304,SA240 GR.305,,,,,,0.032,,N,,,1,1,2,1,U-Tube,,,3041,2862,,1289,2405,
PQV,AMC,OLEFINAS II,E-4602,Suction drum vaporizer,TUBO/CARCASA,ND C3H6-Ref,,-38,-38,,,16875.7,16875.7,,T,,1.54,,,,,C3H6-Ref horno. cuarta etapa,,44.9,33.7,,,,277146.6,277146.6,S,,23.75,0.135,0.111,,,,2003000,,92.39,442,2.4,0.0254,0.772,SA334 GR.1,"SA537 CL,1",,,,,,0.032,,N,,,1,1,2,1,U-Tube,,,2895,2742,,1358,2263,
PQV,AMC,OLEFINAS II,E-4603,Propylene refrigerant cooler I,TUBO/CARCASA,C3H6-refrigerante,,103.82,88.21,,214584,214584,,,S,,24.1,,,,,Etano para horno,,5.93,51.2,,83685,83685,,,S,,7.2,,,,,,1992998,,206.4,719,3,0.001,,SA537 CL1,SA179,,,,,,0.032,,S,,,1,1,2,1,Fix. Tubes,,,2895,2742,,1358,2263,
PQV,AMC,OLEFINAS II,E-4604,Propylene refrigerant cooler II,TUBO/CARCASA,C3H6-refrigerante,,102.3,57,,243527.6,225702.2,,17825.4,P,,24.02,0.15,0.07,,0.00017,Propano para hornos,,22.1,52.3,,42244.9,109726,67481.1,,P,,8.64,0.135,0.125,,0.00034,,4163000,,506.5,1334,4.9,0.0254,1.456,SA537 CL1,SA179,,,,,,0.032,,C,,,1,1,2,1,BJU,2008,1992,2663,,2146,2625,,3236
PQV,AMC,OLEFINAS II,E-5101,Reboiler depropanizer,TUBO/CARCASA,LP-Vapor,,133.6,133.5,,6638.8,,,6638.8,T,,3,,,,0.00009,C4+,,86.6,87.9,,,46389.5,273604.3,227214.8,P,,11.8,,,,0.0005,,3989899,,170.32,736,7.3,0.0254,0.968,SA537 CL1,SA179,,,,,,0.032,,N,,,1,1,,,BEM,,,,,,,,
PQV,AMC,OLEFINAS II,E-5101 R,Reboiler depropanizer,TUBO/CARCASA,LP-Vapor,,133.6,133.5,,6638.8,,,6638.8,T,,3,,,,0.00009,C4+,,86.6,87.9,,,46389.5,273604.3,227214.8,P,,11.8,0.163,0.163,,0.0005,,3989899,,170.32,736,3,0.0254,0.968,SA537 CL1,SA179,,,,,,0.032,,N,,,1,1,,,BEM,,,2640,2620,2198,,,4250
PQV,AMC,OLEFINAS II,E-5102 A,Overhead condenser depropanizer,TUBO/CARCASA,C3-,,28.7,27.6,,61582,,,61582,T,,11.6,0.04,0.037,,,Alimentacion de propano,,14.8,21.8,,,55938.6,68458.1,12519.5,P,,8.9,0.092,0.066,,,,5638000,,847.03,1470,7.3,0.0254,1.358,SA537 CL1,SA334 GR.1,,,,,,0.032,,N,,,1,2,2,1,U-Tube,,2018,2557,2678,1844,,2715,2704
PQV,AMC,OLEFINAS II,E-5102 B,Overhead condenser depropanizer,TUBO/CARCASA,C3-,,28.7,27.6,,61582,,,61582,T,,11.6,0.04,0.037,,,Alimentacion de propano,,14.8,21.8,,,55938.6,68458.1,12519.5,P,,8.9,0.092,0.066,,,,5638000,,847.03,1470,7.3,0.0254,1.358,SA537 CL1,SA334 GR.1,,,,,,0.032,,N,,,1,2,2,1,U-Tube,,2018,2557,2678,1844,,2715,2704
PQV,AMC,OLEFINAS II,E-5103,Trim condenser,TUBO/CARCASA,C3H6 Refrigerante,,10,10,,11608.2,45186.6,33577.7,,P,,7.77,,,,,C3-,,20.7,27.6,,36949.2,,,36949.2,T,,11.6,0.058,,,0.00017,,3382800,,252.6,422,7.3,0.0254,0.758,SA537 CL1,SA334 GR.1,,,,,,0.032,,N,,,1,1,2,1,U-Type,1844,,,2704,1702,1702,2516,
PQV,AMC,OLEFINAS II,E-5503,Propylene trim cooler,TUBO/CARCASA,C3H6,,67.8,53.5,,268845.4,268845.4,,,S,,19.17,0.15,0.125,,,Agua de enfriamiento,,32,46,,,,134482.1,134482.1,S,,5.5,1,0.5669,,0.00034,,2185300,,252.7,660,4.9,0.0254,1.164,SA537 CL1,SA179,,,,,,0.032,,N,,,1,1,8,1,BEM,,,4180,4180,2088,2166,,
PQV,AMC,OLEFINAS II,E-5701,Reboiler debutanizer,TUBO/CARCASA,MP-Vapor,,170.4,170.4,,2343.6,,,2343.6,T,,8,,,,,Fraccion C5-,,131,133.1,,,13650,77063,63412,P,,8.2,,,,,,1322999,,56.69,245,3,0.001,,SA537 CL1,SA179,,,,,,0.032,,N,,,1,1,,,BEM,,,,,,,,
PQV,AMC,OLEFINAS II,E-5701 R,Reboiler debutanizer,TUBO/CARCASA,MP-Vapor,,170.4,170.4,,2343.6,,,2343.6,T,,8,,,,,Fraccion C-5,,131,133.1,,,13650,77063,63412,P,,8.2,0.1688,0.1688,,0.00043,,1322999,,56.69,245,3,0.0254,0.578,SA537 CL1,SA179,,,,,,0.032,,N,,,1,1,,,BEM,,1670,2280,2270,2490,,,4350
PQV,AMC,OLEFINAS II,E-6101,First stage reacotr Feed/Effluent exchanger,TUBO/CARCASA,H2+HC (efluente),,147,84,,2126,460,19789,21455,P,,19,,0.08,,0.0007,H2+HC (alimentacion),,41,100,,329,1068,27065,26326,P,,22,1.03,0.86,,0.001,,1000000,,125.8,272,6.1,0.0254,0.676,SA537 CL1,SA179,,,,,,0.032,,N,,,1,1,1,1,BES,7920,3440,1810,2110,2250,3900,2350,2030
PQV,AMC,OLEFINAS II,E-6102,First stage reactor start up heater,TUBO/CARCASA,LP-Vapor,,133,133,,1666.4,,,1666.4,T,,3,,0.06,,0.00009,H2+HC,,41,100,,329,1068,27065,26326,P,,22,0.66,0.55,,0.001,,1000000,,60.5,158,4.9,0.0254,0.488,SA537 CL1,SA179,,,,,,0.032,,N,,,1,1,1,1,Fixed tubes,7920,3440,1810,2110,2200,,,4240
PQV,AMC,OLEFINAS II,E-6103,First stage post condenser,TUBO/CARCASA,H2+HC,,98,40,,821.99,247,26572,27147,P,,17.3,0.185,0.152,,0.0007,Agua de enfriamiento,,32,40,,,,102250,102250,S,,5.5,0.477,0.394,,0.00034,,950000,,139.6,250,7.3,0.0254,0.676,"SA515 GR,60",SA179,,,,,,0.032,,N,,,1,1,4,1,SRFH,,,4180,4180,3180,7160,2100,1810
PQV,AMC,OLEFINAS II,E-6201,Stabilizer condenser,TUBO/CARCASA,H2+HC,,89,46,,2035,41.664,,1994,P,,8.9,0.0022,0.0015,,0.0003,Agua de enfriamiento,,32,48,,,,18800,18800,S,,5.5,0.2234,0.1861,,0.00034,,219000,,43.6,132,3.7,0.0254,0.7,"SA515 GR,60",SA179,,,,,,0.032,,N,,,1,1,,,Full throw,,,4180,4180,1850,1990,,2420
PQV,AMC,OLEFINAS II,E-6202,Stabilizer reboiler,TUBO/CARCASA,MP-Vapor,,196,196,,822,,,822,T,,14.5,0.0215,0.0215,,0.00009,HC,,160,162.1,,,4780,40288,35453,P,,9,,,,0.0005,,447000,,21,98,3,0.0254,0.388,"SA515 GR,60",SA179,,,,,,0.032,,N,,,1,1,,,Fixed Tubes,,1890,2450,2440,2830,,,4460
PQV,AMC,OLEFINAS II,E-6203,Stabilizer Feed/bottom Exchanger,TUBO/CARCASA,H2+HC (Alimentacion),,41,106.8,,,12.996,6733,6722,P,,9.3,0.0565,0.0565,,0.0003,HC (Fondo),,164.4,107,,,,6694,6694,S,,11.3,0.0966,0.0966,,0.0005,,245000,,22.5,40,7.3,0.0254,0.31,"SA106 GR,A",SA179,,,,,,0.032,,N,,,1,1,4,1,SRFH,,,2440,2100,,2220,1810,2140
PQV,AMC,OLEFINAS II,E-6204,Gasoline cooler,TUBO/CARCASA,HC,,107,50,,,,6694,6694,S,,10.8,0.081,0.0669,,0.0003,agua de enfriamiento,,32,42,,,,18240,18240,S,,5.5,0.394,0.3527,,0.00034,,212000,,14.8,40,4.9,0.0254,0.31,"SA106 GR,A",SA179,,,,,,0.032,,N,,,1,1,4,1,SRFH,,,,4180,,,2100,1850
PQV,AMC,OLEFINAS II,E-6302,Rerun column bottom cooler,TUBO/CARCASA,MP-Vapor,,196,196,,843.98,,,843.98,T,,14.5,,,,,HC,,180.6,185.5,,,4870,19482,14612,P,,1.6,,,,,,459000,,244.1,905,6.1,0.001,1066,"SA106 GR,A",SA179,,,,,,0.032,,N,,,1,1,,,Fixed tubes,,,,,,,,
PQV,AMC,OLEFINAS II,E-6302 R,Rerun column bottom cooler,TUBO/CARCASA,MP-Vapor,,196,196,,843.98,,,843.98,T,,14.5,0.021,0.021,,0.00009,HC,,180.6,185.5,,,4870,19482,14612,P,,1.6,0.235,0.235,,0.001,,459000,,244.1,905,3.7,0.0254,1.06,"SA106 GR,A",SA179,,,,,,0.032,,N,,,1,1,,,Fixed tubes,,1720,2040,2040,2830,,,4460
PQV,AMC,OLEFINAS II,E-6303,Rerun column reboiler,TUBO/CARCASA,Agua de enfriamiento,,32,37,,,,7800,7800,S,,5.5,0.5,0.16,,0.00034,HC,,181,50,,,,694,694,S,,10.7,0.5,0.3,,0.001,,153000,,7.5,16,6.1,0.0254,0.26,"SA106 GR,A",SA179,,,,,,0.032,,N,,,1,1,8,1,SRFH,,,2040,1570,,,4181,4181
PQV,AMC,OLEFINAS II,E-6304,Feed preheater,TUBO/CARCASA,MP-Vapor,,196.3,196.3,,1416,,,1416,T,,14.5,0.0148,0.0148,,0.00009,HC,,43,108,,,5230,7500,2250,P,,2,0.2228,0.228,,0.001,,770000,,26.6,98,3.7,0.0254,0.368,"SA515 GR,60",SA179,,,,,,0.032,,N,,,1,1,1,1,Fixed tubes,,1490,1880,1880,2630,,,4470
PQV,AMC,OLEFINAS II,E-7201,Ethylene cooler,TUBO/CARCASA,C2H4-Ref,,43.4,37.8,,14870.7,14870.7,,,S,,15.39,0.18,0.16,,0,Agua de enfriamiento,,32,33.6,,,,21686,21686,S,,9,0.15,0.12,,0.00034,,40300,,15.64,72,3,0.0254,0.388,"SA515 GR,60",SA179,,,,,,0.032,,N,,,1,1,4,1,SRFH,,,4180,4180,1761,1752,,
PQV,AMC,OLEFINAS II,E-7202 (Normal),ethylene condenser,TUBO/CARCASA,C3H6-Ref,,-47.5,-47.5,,2400.4,18937.4,16537,,P,,1.03,,,,0,C2H4-Ref,,37.8,-40,,14870.7,,,14870.7,T,,15.29,0.27,0.25,,0,,2037900,,497,824,7.3,0.0254,7.3,"SA203, GR.D","SA334 Gr,3",,,,,,0.032,,N,,,1,1,2,1,U-Tube,1752,,,2901,1316,1316,2235,
PQV,AMC,OLEFINAS II,E-7202 (Bypass),ethylene condenser,TUBO/CARCASA,C3H6-Ref,,-47.5,-38.4,,418.3,17395,3764,,P,,1.03,,,,0,C2H4-Ref,,37.8,-40,,,,,,P,,15.29,,,,0,,,,,,,,,"SA203, GR.D","SA334 Gr,3",,,,,,0.032,,N,,,1,1,,,U-Tube,1752,,,2901,1316,1343,2235,
PQV,AMC,OLEFINAS II,E-7401,Propylene condenser,TUBO/CARCASA,C3H6-Ref,,100.61,48.77,,43472,,,43472,T,,20.2,0.057,0.0517,,,Agua de enfriamiento,,32,44.8,,,,319735,319735,S,,9,0.64,0.5287,,0.00034,,4752790,,779.37,1712,6.1,0.0254,1.54,SA537 CL.1,SA179,,,,,,0.032,,N,,,1,1,8,1,SRFH,,,4180,4180,2060,,,3030
PQV,AMC,OLEFINAS II,E-8203,Boiler feedwater cooler,TUBO/CARCASA,Condensado de turbina,,57.3,62,,,,124620,124620,S,,6,0.4,0.1201,,0.00009,Agua de alimentacion a caldera,,121.7,68,,,,10800,10800,S,,78,0.5,0.0548,,0.00009,,679000,,31.03,80,4.9,0.0254,0.388,"SA515 GR,60",SA179,,,,,,0.032,,N,,,1,1,4,1,BEU,,,4226,4173,,,4185,4187
PQV,AMC,OLEFINAS II,E-8205,Flash steam condenser,TUBO/CARCASA,"Vapor A,B / condensado A,B,E",,100,100,,3370,,,3370,T,,1,0.0007,0.0007,,0.000086,Condensado de turbina,,62,76.7,,,,124620,124620,S,,5.8,0.5,0.1394,,0.000086,,2115000,,59.8,156,4.9,0.0254,0.488,"SA515 GR,60",SA179,,,,,,0.032,,S,,,1,1,2,1,BJM,,,4187,4195,2030,,,4190
PQV,AMC,OLEFINAS II,E-8601,Regeneration gas heater,TUBO/CARCASA,HPII- Vapor/Condensado,,399,257.9,,1407.3,,,1407.3,T,,45.8,0.053,0.049,,0.00009,Gas de regeneracion,,33,200,,5319.4,5319.4,,,S,,4.8,0.055,0.032,,,,812500,,36.9,164,3,0.0254,0.578,SA387 GR.12 Cl.2,SA213 GR.T12,,,,,,0.032,,N,,,1,1,2,1,U-tube,3066,3543,,,2401,,,4954
PQV,AMC,OLEFINAS II,E-8801,Blown down vaporizer,TUBO/CARCASA,LP-Vapor/Condensado,,133.6,60,,2536,,,2536,T,,3,,,,0.00034,C3- Hidrocarburos,,-37.1,-36.7,,,14837.2,14837.2,,T,,1.5,0.0332,0.0258,,,,1742500,,104.2,496,2.4,0.0254,0.87,"SA515 GR,60",SA213 GR.TP304 o 321,,,,,,0.032,,N,,,1,1,2,,U-tube,,1360,2260,,2198,,,4190
,AMC,CLOROSODA,E1-E101,Calentador de salmuera ultrapura,TUBO/CARCASA,Vapor,200,,,,,,,,,5.8839,,,,8.8259,,NaCl salmuera,110,,,208774.6,,,,,,,,,,8.8259,,,,,8.2683,322,,0.019,,SA 516 - 70,SB 338-2,,,,,,,Titanium Industries,S,,,,,4,1,B,,,,,,,,
,AMC,CLOROSODA,E1-E102,Precalentador del reactor de clorato,TUBO/CARCASA,Vapor de baja presi�n,200,159,149.7222,626.8647,626.8647,,,,,6.9202,5.1324,0.393001,,8.8259,0.0005,17.5% NaCl salmuera,130,87.8888,103.5,24919.4576,,,24919.4576,24919.4576,,,1.5788,0.68,0.2,13.5499,0.0035,,372053.7233,38.55,77.574,38,3.59,0.019,,CS,Titanio,,,,,,,Titanium Industries,N,,,,,2,1,B,,,,,,,,
,AMC,CLOROSODA,E1-E103,Condensador de declorador,TUBO/CARCASA,Agua,70,33,40,106776,,,,,,6.943,4.9366,0.4895,0.4853,8.8259,0.002,Agua/cloro,110,81.2222,40,1350.4455,1350.4455,85.729,,1264.6155,,,0.44815,0.0075,0.0075,8.8259,0.001,,868750.5728,17.9444,3,270,4.572,0.0193,,CS SA 53/106B,Titanio SB-338 Gr 2,"10""-150#RF","8""-150#RF","6""-150#RF","6""-150#RF",,,Titanium Industries,N,,,,,1,1,B,,,,,,,,
,AMC,CLOROSODA,E1-E106,Enfriador de Na2CO3,TUBO/CARCASA,Agua,65,33,36.3,10000,,,,,,5.8839,3.9226,0.6864,0.1961,8.8259,0.0004,15% WT Na2CO3 ,110,82,40,845,,,845,845,,,2.1574,0.4805,0.098,,0.0004,,38379,19.2,169.641,14,0.004,0.015,,CS,A-79,"1""-150#RF","1""-150#RF","2""-150#RF","2""-150#RF",,0.0198,Eleazer Gomez Sucre C.A,N,,,,,4,1,A,,,,,,,,
,AMC,CLOROSODA,E3-E301 A,Enfriador de cloro,TUBO/CARCASA,Agua,70,89.6327,101.989,276830,,,,,,4.9435,4.9366,0.4902,0.3785,8.826,0.002,Cloro,120,90,40,12081,12081,8923.9763,,,,,1.0466,,0.0103,5.8839,0.001,,2232545.309,14.3722,169.641,766,3.7063,0.01905,0.7874,CS,Titanio,"24""-150#FF","20""-150#RF","10""-150#WN","10""-150#WN",,0.0238,TITANIUM INDUSTRIES,N,,,,,1,1,B,,,,,,,,
,AMC,CLOROSODA,E3-E301 B,Enfriador de cloro,TUBO/CARCASA,Agua,70,89.6327,101.989,276830,,,,,,5.8839,4.9366,0.4902,0.3785,8.826,0.002,Cloro,120,90,40,12081,12081,8923.9763,,,,,1.0466,,0.0103,5.8839,0.001,,2232545.309,14.3722,82.5908,766,3.7063,0.7874,0.7874,CS,Titanio,"24""-150#FF","20""-150#RF","10""-150#WN","10""-150#WN",,0.0238,Titanium Industries,N,,,,,1,1,B,,,,,,,,
,AMC,CLOROSODA,E3-E302 A,Enfriador de cloro,TUBO/CARCASA,Agua,65,10,15,21399.5,,,,,,5.8839,4.936,0.6894,0.0861,8.8259,0.001,Cloro,70,40,15,8910.36,8910.34,8768.3941,,141.9744,,,,,,1.8926,0.001,,124359.482,-3.4,82.5908,575,2.3987,0.7874,,SA 516-70/HETRON 197P,SB338-2,"20""-150#FF","20""-150#FF","3""-150#WN","3""-150#WN",,0.0238,Titanium Industries,N,,,,,1,1,B,,,,,,,,
,AMC,CLOROSODA,E3-E302 B,Enfriador de cloro,TUBO/CARCASA,Agua,65,10,15,21399.5,,,,,,5.8839,4.936,0.6894,0.0861,8.8259,0.001,Cloro,70,40,15,8910.36,8910.34,8768.3941,,141.9744,,,,,,1.8926,0.001,,124359.482,-3.4,9,575,2.3987,0.7874,,SA 516-70/HETRON 197P,SB338-2,"20""-150#FF","20""-150#FF","3""-150#WN","3""-150#WN",,0.0238,Titanium Industries,N,,,,,1,1,B,,,,,,,,
,AMC,CLOROSODA,E3-E306,Fuera de servicio,TUBO/CARCASA,Cloro,65,-6.7,-6.7,880,62,880,,,,13.7293,1.9613,0.06864,0.01961,8.8259,0.0002,Cloro,65,12.8,1.7,20078,,,20078,20078,,,6.8352,0.3432,0.1667,,0.0002,,61635.51,13.2,,22,3.6,0.019,,Acero al carbono,SA-214,"2""-150#FF","2""-150#FF",1 1/2-150#RF,2-150#RF,,0.0254,,,,,,,1,2,,,,,,,,,
,AMC,CLOROSODA,E3-E351 A,Interenfriador de 1era etapa de compresor,TUBO/CARCASA,Agua,80,,,,,,,,,7.9924,,,,11.9641,,Cloro,130,,,,,,,,,,,,,23.536,,,,,,303,3.8,0.016,,,,,,,,,0.02,Oeliechnik,S,,,,,,,B,,,,,,,,
,AMC,CLOROSODA,E3-E351 B,Interenfriador de 1era etapa de compresor,TUBO/CARCASA,Agua,80,,,,,,,,,7.9924,,,,11.9641,,Cloro,130,,,,,,,,,,,,,23.536,,,,,,303,3.8,0.016,,,,,,,,,0.02,Oeliechnik,S,,,,,,,B,,,,,,,,
,AMC,CLOROSODA,E3-E351 C,Interenfriador de 1era etapa de compresor,TUBO/CARCASA,Agua,80,,,,,,,,,7.9924,,,,11.9641,,Cloro,130,,,,,,,,,,,,,23.536,,,,,44,303,3.8,0.016,,,,,,,,,0.02,Oeliechnik,S,,,,,,,B,,,,,,,,
,AMC,CLOROSODA,E3-E352 A,Interenfriador de 2da etapa de compresor,TUBO/CARCASA,Agua,80,,,,,,,,,7.9924,,,,11.768,,Cloro,130,,,,,,,137199.11,,,,,,24.0262,,,,,44,205,4.4,0.016,,,,,,,,,0.02,Oeliechnik,S,,,,,,,B,,,,,,,,
,AMC,CLOROSODA,E3-E352 B,Interenfriador de 2da etapa de compresor,TUBO/CARCASA,Agua,80,,,,,,,,,7.9924,,,,11.768,,Cloro,130,,,,,,,137199.11,,,,,,24.0262,,,,,44,205,4.4,0.016,,,,,,,,,0.02,Oeliechnik,S,,,,,,,B,,,,,,,,
,AMC,CLOROSODA,E3-E352 C,Interenfriador de 2da etapa de compresor,TUBO/CARCASA,Agua,80,,,,,,,,,7.9924,,,,11.768,,Cloro,130,,,,,,,137199.11,,,,,,24.0262,,,,,43,205,4.4,0.016,,,,,,,,,0.02,Oeliechnik,S,,,,,,,B,,,,,,,,
,AMC,CLOROSODA,E3-E353 A,Postenfriador del compresor,TUBO/CARCASA,Agua,80,,,,,,,,,11.96411,,,,17.9461,,Cloro,130,,,,,,,,,,,,,23.9282,,,166774.2,,43,174,5,0.016,,,,,,,,,0.02,Oeliechnik,S,,,,,,,B,,,,,,,,
,AMC,CLOROSODA,E3-E353 B,Post-enfriador del compresor,TUBO/CARCASA,Agua,80,,,,,,,,,11.96411,,,,17.9461,,Cloro,130,,,,,,,,,,,,,23.9282,,,166774.2,,43,174,5,0.016,,,,,,,,,0.02,Oeliechnik,S,,,,,,,B,,,,,,,,
,AMC,CLOROSODA,E3-E353 C,Postenfriador del compresor,TUBO/CARCASA,Agua,80,,,,,,,,,11.96411,,,,17.9461,,Cloro,130,,,,,,,,,,,,,23.9282,,,166774.2,,,174,5,0.016,,,,,,,,,0.02,Oeliechnik,S,,,,,,,B,,,,,,,,
,AMC,CLOROSODA,E3-E361,Vaporizador de llenado de cloro,TUBO/CARCASA,Cloro,204,,,1273,,,,,,20.692,,,,30.989,,Agua,204,,,,,,,,,,,,,30.989,,,,,,,1.3716,,,SA 106B,SB163-400,,,,,,,Richard M Armstrong,N,,,,,,,,,,,,,,,
,AMC,CLOROSODA,E3-TK361 A,Calentador de agua del vaporizador,TUBO/CARCASA,Vapor,204,,,,,,,,,20.692,,,,30.989,,Agua,204,,,,,,,,,,,,,15.4945,,,,,,,,0.025,,CS SA 106 Gr B,CS SA 179,,,,,,,Richard M Armstrong,N,,,,,,,,,,,,,,,
,AMC,CLOROSODA,E3-E371,Vaporizador de producto cloro,TUBO/CARCASA,Cloro l�quido-vapor,204,,,,,,,,,20.69203,,,,0.8026,,Agua,204,,,,,,,,,,,,,30.989,,,,,,,1.3716,,,SA 516-70,SB163-N04400,,,,,,,Richard M Armstrong,N,,,,,,,I,,,,,,,,
,AMC,CLOROSODA,E3-TK371 A,Calentador de agua del vaporizador,TUBO/CARCASA,Vapor,204,,,,,,,,,20.69203,,,,,,Agua,204,,,,,,,,,,,,,,,,,,,,,0.025,,CS SA 106 Gr B,CS SA 179,,,,,,,Richard M Armstrong,,,,,,,,,,,,,,,,
,AMC,CLOROSODA,E3-E372,Sobrecalentador de cloro,TUBO/CARCASA,Vapor,204,,,,,,,,,20.69204,,,,31.018,,Cloro,204,,,11449,,,,,,,,,,36.6768,,,,,16.4,,0.257,,,Acero al carbono SA106B,SB165-400,,,,,,,Richard M Armstrong,N,,,,,1,2,,,,,,,,,
,AMC,CLOROSODA,E3-E381 A,Enfriador de �cido sulf�rico,TUBO/CARCASA,�cido sulf�rico,80,43,38,12810,,,,,,6,,,,8.924,,Agua de enfriamiento,80,33,34,22400,,,,,,,,,,8.924,,,26000,6,16.4,120,,0.016,,,ASTM A 179,"2""-150#FF","2""-150#FF","2""-150#FF","2""-150#FF",,,Garo,N,,,,,4,1,C,,,,,,,,
,AMC,CLOROSODA,E3-E381 B,Enfriador de �cido sulf�rico,TUBO/CARCASA,�cido sulf�rico,80,43,38,12810,,,,,,6,,,,8.924,,Agua de enfriamiento,80,33,34,22400,,,,,,,,,,8.924,,,26000,6,150,120,,0.016,,,ASTM A 179,"2""-150#FF","2""-150#FF","2""-150#FF","2""-150#FF",,,Garo,N,,,,,4,1,C,,,,,,,,
,AMC,CLOROSODA,E4-E451,Evaporador efecto 1 Soda al 50%,TUBO/CARCASA,Vapor primario,193,171.8,171.5,9043,,,,,,12,8.237,,0.01,19.1033,0.00001,50% NaOH,177,162.9,166,63830,,6847,63830,56983,,,2.2555,,0.001,5.1981,0.00002,,5259.09,11.2,400,133,7.3,0.0508,,SA-515-70,SB-163. NI-200,,,,,,,Aqua-Chem INC,N,,,,,1,1,B,,,,,,,,
,AMC,CLOROSODA,E4-E451,Evaporador efecto 3 Soda al 50%,TUBO/CARCASA,Vapor secundario,121,82.7,80,6742.8,,,,,,3.4323,0.529,,0.0196,,0.00001,36.7% NaOH,121,74.9,79.4,179010,,,179000,171830,,,0.1765,,0.049,5.1981,0.00002,,4292.63,10,195,349,7.3,0.0508,,,,,,,,,0.0635,Aqua-Chem INC,,,,,,1,1,B,,,,,,,,
,AMC,CLOROSODA,E4-E452,Evaporador efecto 2 Soda al 50%,TUBO/CARCASA,Vapor secundario,149,121.2,121,7320,7320,20,,,,3.4323,2.0594,,0.0098,6.6672,0.00001,42% NaOH,149,112.6,114.3,74843,,,74840,68850,,,0.568,,0.03,6.1845,0.00002,,4403.12,10,400,170,7.3,0.0508,,SA-240-304L,SB-163. NI-200,,,,,,0.0635,Aqua-Chem INC,N,,,,,1,1,B,,,,,,,,
,AMC,CLOROSODA,E4-E453,Evaporador efecto 3 Soda al 36.7%,TUBO/CARCASA,Vapor secundario,121,82.7,80,6742.8,6735,32,,,,3.4323,0.529,,0.0196,2.5305,0.00001,36.7% NaOH,121,79.4,74.9,179010,,,179000,171830,,,0.176,,0.049,6.4603,0.00002,,4403.12,10,420,349,7.3,0.0508,,SA-240-304L,SA 249-304L,,,,,,0.0635,Aqua-Chem INC,N,,,,,1,1,B,,,,,,,,
,AMC,CLOROSODA,E4-E454,Condensador de superficie,TUBO/CARCASA,Vapor secundario,121,,,,,,,,,3.4323,,,,,,Agua de enfriamiento,121,,,,,,,,,,,,,,,,,,125,867,6.1,,,SST SA-240-340L,SST SA-240-340L,,,,,,,Aqua-Chem INC,N,,,,,6,1,,,,,,,,,
,AMC,CLOROSODA,E5-E501 A,Enfriador depurador de H2,TUBO/CARCASA,Agua de enfriamiento,65,33,37.8,160967,,,,,,5.883,3.922,0.686,0.617,8.041,0.0004,Agua/NaOH,65,48.8,37.8,70240,,,,,,,3.726,0.3,0.4,8.727,,,,,125,602,3.6,0.019,,SA-285-GRC,SA-214,,,,,,0.024,Eleazar Gomez Sucre,N,,,,,4,1,,,,,,,,,
,AMC,CLOROSODA,E5-E501 B,Enfriador depurador de H2,TUBO/CARCASA,Agua de enfriamiento,65,33,37.8,160967,,,,,,5.883,3.922,0.686,0.617,8.041,,Agua/NaOH,65,48.8,37.8,70240,,,,,,,3.726,0.3,0.4,8.727,,,,,,602,3.6,0.019,,SA-285-GRC,SA-214,,,,,,0.024,Eleazar Gomez Sucre,N,,,,,4,1,,,,,,,,,
,AMC,CLOROSODA,U6-E651 A,Condensador de refrigerante,TUBO/CARCASA,Refrigerante,,,,,,,,,,12.748,,,,,,Agua de enfriamiento,,,,,,,,,,,,,,,,,1404624.86,,643,728,4.5,0.019,,SA 516-70,SA 214 CS,,,,,,,F.E.S.,,,,,,3,1,,,,,,,,,
,AMC,CLOROSODA,U6-E651 B,Condensador de refrigerante,TUBO/CARCASA,Refrigerante,,,,,,,,,,12.748,,,,,,Agua de enfriamiento,,,,,,,,,,,,,,,,,1404624.86,,-,728,4.5,0.019,,SA 516-70,SA 214 CS,,,,,,,F.E.S.,,,,,,3,1,B,,,,,,,,
,AMC,CLOROSODA,U6-E653 A,Enfriador de agua,TUBO/CARCASA,Refrigerante,,,,,,,,,,10.296,,,,,,Agua helada,,,,,,,,,,,,,,,,,170135.27,,104,142,4.8,0.019,,SA 53B-ERW,SA 516-70,,,,,,,F.E.S.,,,,,,2,1,B,,,,,,,,
,AMC,CLOROSODA,U6-E653 B,Enfriador de agua,TUBO/CARCASA,Refrigerante,,,,,,,,,,10.296,,,,,,Agua helada,,,,,,,,,,,,,,,,,170135.27,,,142,4.8,0.019,,SA 53B-ERW,SA 516-70,,,,,,,F.E.S.,,,,,,2,1,,,,,,,,,
,AMC,FERTILIZANTES: AMONIACO,40-E-1 A,Precalentador de  gas al reformador H-1,TUBO/CARCASA,Gas Natural + Vapor,454,,,,,,,,,35.16885,,,,,,,607,,,,,,,,,31.73535,,,,,,,,,141.4,,,,,,,,,,,,,,,,,,,,,B,,,,,,,,
,AMC,FERTILIZANTES: AMONIACO,40-E-1 B,Precalentador de  gas al reformador H-1,TUBO/CARCASA,Gas Natural + Vapor,454,,,,,,,,,35.16885,,,,,,,607,,,,,,,,,31.73535,,,,,,,,,141.4,,,,,,,,,,,,,,,,,,,,,B,,,,,,,,
,AMC,FERTILIZANTES: AMONIACO,40-E-2,Intercambiador de calor del Metanador ,TUBO/CARCASA,Gas de proceso,246,,,,,,,,,28.6452,,,,,,,249,,,,,,,,,28.3509,,,,,,,,,196.6,,,,,,,,,,,,,,,,,,,,,,,,,,,,,
,AMC,FERTILIZANTES: AMONIACO,40-E-3,Enfriador de gas de proceso,TUBO/CARCASA,Gas de proceso,121,,,,,,,,,29.3319,,,,,,,66,,,,,,,,,5.1993,,,,,,,,,270.3,,,,,,,,,,,,,,,,,,,,,,,,,,,,,
,AMC,FERTILIZANTES: AMONIACO,40-E-4,Enfriador de gas de s�ntesis ,TUBO/CARCASA,Gas de s�ntesis ,182,,,,,,,,,28.2528,,,,,,,66,,,,,,,,,5.1993,,,,,,,,,246.7,,,,,,,,,,,,,,,,,,,,,,,,,,,,,
,AMC,FERTILIZANTES: AMONIACO,40-E-5- 1.2,Calentador de Condensado,TUBO/CARCASA,Gas de proceso,149,,,,,,,,,29.3319,,,,,,,135,,,,,,,,,5.1993,,,,,,,,,315.7,,,,,,,,,,,,,,,,,,,,,,,,,,,,,
,AMC,FERTILIZANTES: AMONIACO,40-E-7 A,Enfriador de MEA,TUBO/CARCASA,Soluci�n pobre de MEA al 20%,93,,,,,,,,,3.45312,,,,,,,93,,,,,,,,,5.16987,,,,,,,,,730.2,,,,,,,,,,,,,,,,,,,,,,,,,,,,,
,AMC,FERTILIZANTES: AMONIACO,40-E-7 B,Enfriador de MEA,TUBO/CARCASA,Soluci�n pobre de MEA al 20%,93,,,,,,,,,3.45312,,,,,,,93,,,,,,,,,5.16987,,,,,,,,,730.2,,,,,,,,,,,,,,,,,,,,,,,,,,,,,
,AMC,FERTILIZANTES: AMONIACO,40-E-9 A 1.2,Intercambiador de calor de MEA,TUBO/CARCASA,Soluci�n pobre de MEA al 20%,132,,,,,,,,,3.4335,,,,,,,107,,,,,,,,,29.3319,,,,,,,,,674.5,,,,,,,,,,,,,,,,,,,,,,,,,,,,,
,AMC,FERTILIZANTES: AMONIACO,40-E-9 B 1.2,Intercambiador de calor de MEA,TUBO/CARCASA,Soluci�n pobre de MEA al 20%,132,,,,,,,,,3.4335,,,,,,,107,,,,,,,,,29.3319,,,,,,,,,674.5,,,,,,,,,,,,,,,,,,,,,,,,,,,,,
,AMC,FERTILIZANTES: AMONIACO,40-E-10 A,Rehervidor de MEA,TUBO/CARCASA,Gas de proceso,129.4,,,,,,,,,29.7243,,,,,,,149,,,,,,,,,3.4335,,,,,,,,,278.7,,,,,,,,,,,,,,,,,,,,,,,,,,,,,
,AMC,FERTILIZANTES: AMONIACO,40-E-10 B,Rehervidor de MEA,TUBO/CARCASA,Gas de proceso,129.4,,,,,,,,,29.7243,,,,,,,149,,,,,,,,,3.4335,,,,,,,,,278.7,,,,,,,,,,,,,,,,,,,,,,,,,,,,,
,AMC,FERTILIZANTES: AMONIACO,40-E-11 ,Condensador de gas de purga,TUBO/CARCASA,Amon�aco,-8,,,,,,,,,19.0314,,,,,,,66,,,,,,,,,166.77,,,,,,,,,20.3,,,,,,,,,,,,,,,,,,,,,,,,,,,,,
,AMC,FERTILIZANTES: AMONIACO,40-E-12-1.2,Postenfriador de Amon�aco,TUBO/CARCASA,Amon�aco,135,,,,,,,,,19.3257,,,,,,,66,,,,,,,,,5.1993,,,,,,,,,391,,,,,,,,,,,,,,,,,,,,,,,,,,,,,
,AMC,FERTILIZANTES: AMONIACO,40-E-13 A,Condensador secundario de Amon�aco ,TUBO/CARCASA,Amon�aco,-19,,,,,,,,,17.2656,,,,,,,-11,,,,,,,,,175.9914,,,,,,,,,1115,,,,,,,,,,,,,,,,,,,,,,,,,,,,,
,AMC,FERTILIZANTES: AMONIACO,40-E-13 B,Condensador secundario de Amon�aco ,TUBO/CARCASA,Amon�aco,-19,,,,,,,,,17.2656,,,,,,,-11,,,,,,,,,175.9914,,,,,,,,,1115,,,,,,,,,,,,,,,,,,,,,,,,,,,,,
,AMC,FERTILIZANTES: AMONIACO,40-E-14-1.2.3.4.5,Condensador refrigerante de Amon�aco ,TUBO/CARCASA,Amon�aco ,66,,,,,,,,,17.2656,,,,,,,66,,,,,,,,,5.1993,,,,,,,,,3056,,,,,,,,,,,,,,,,,,,,,,,,,,,,,
,AMC,FERTILIZANTES: AMONIACO,40-E-17,Enfriador de agua amoniacal,TUBO/CARCASA,Agua amoniacal,66,,,,,,,,,25.8003,,,,,,,66,,,,,,,,,5.1993,,,,,,,,,20.3,,,,,,,,,,,,,,,,,,,,,,,,,,,,,
,AMC,FERTILIZANTES: AMONIACO,40-E-18,Condensador de reflujo,TUBO/CARCASA,Amon�aco ,66,,,,,,,,,17.2656,,,,,,,66,,,,,,,,,5.1993,,,,,,,,,48.2,,,,,,,,,,,,,,,,,,,,,,,,,,,,,
,AMC,FERTILIZANTES: AMONIACO,40-E-19,Enfriador de Condensado,TUBO/CARCASA,Condensado,218,,,,,,,,,17.2656,,,,,,,66,,,,,,,,,5.1993,,,,,,,,,27.1,,,,,,,,,,,,,,,,,,,,,,,,,,,,,
,AMC,FERTILIZANTES: AMONIACO,40-E-20-1.2.3.4,Intercambiador de calor del circuito de amon�aco ,TUBO/CARCASA,NH3 Gas de s�ntesis ,66,,,,,,,,,175.7952,,,,,,,66,,,,,,,,,175.7952,,,,,,,,,1594,,,,,,,,,,,,,,,,,,,,,,,,,,,,,
,AMC,FERTILIZANTES: AMONIACO,40-E-21,Unidad de redestilaci�n ,TUBO/CARCASA,MEA,232,,,,,,,,,3.4335,,,,,,,232,,,,,,,,,10.3986,,,,,,,,,55.7,,,,,,,,,,,,,,,,,,,,,,,,,,,,,
,AMC,FERTILIZANTES: AMONIACO,40-E-25-1.2,Intercambiador de calor del convertidor,TUBO/CARCASA,Gas de proceso,343,,,,,,,,,28.2528,,,,,,,454,,,,,,,,,31.0977,,,,,,,,,127.1,,,,,,,,,,,,,,,,,,,,,,,,,,,,,
,AMC,FERTILIZANTES: AMONIACO,40-E-26A-1.2,Rehervidor de MEA,TUBO/CARCASA,Vapor,177,,,,,,,,,5.1993,,,,,,,149,,,,,,,,,3.4335,,,,,,,,,,,,,,,,,,,,,,,,,,,,,,,,,,,,,,
,AMC,FERTILIZANTES: AMONIACO,40-E-26B-1.2,Rehervidor de MEA,TUBO/CARCASA,Vapor,177,,,,,,,,,5.1993,,,,,,,149,,,,,,,,,3.4335,,,,,,,,,,,,,,,,,,,,,,,,,,,,,,,,,,,,,,
,AMC,FERTILIZANTES: AMONIACO,40-E-28,Precalentador de agua de alimentaci�n a calderas,TUBO/CARCASA,Gas de proceso,204,,,,,,,,,30.411,,,,,,,182,,,,,,,,,47.9709,,,,,,,,,1215,,,,,,,,,,,,,,,,,,,,,,,,,,,,,
,AMC,FERTILIZANTES: AMONIACO,40-E-46,Enfriador de condensado,TUBO/CARCASA,Condensado,177,,,,,,,,,6.89643,,,,,,,66,,,,,,,,,5.1993,,,,,,,,,5.58,,,,,,,,,,,,,,,,,,,,,,,,,,,,,
,AMC,FERTILIZANTES: AMONIACO,40-E-48,Rehervidor del despojador ,TUBO/CARCASA,Vapor,,,,,,,,,,,,,,,,,,,,,,,,,,,,,,,,,,,,,,,,,,,,,,,,,,,,,,,,,,,,,,,,
,AMC,FERTILIZANTES: AMONIACO,40-E-22,Condensador de superficie,TUBO/CARCASA,,,,,,,,,,,,,,,,,,,,,,,,,,,,,,,,,,,,,,,,,,,,,,,,,,,,,,,,,,,,,,,,,
,AMC,FERTILIZANTES: AMONIACO,40-E-23,Condensador de superficie,TUBO/CARCASA,,,,,,,,,,,,,,,,,,,,,,,,,,,,,,,,,,,,,,,,,,,,,,,,,,,,,,,,,,,,,,,,,
,AMC,FERTILIZANTES: AMONIACO,40-E-24,Condensador de superficie,TUBO/CARCASA,,,,,,,,,,,,,,,,,,,,,,,,,,,,,,,,,,,,,,,,,,,,,,,,,,,,,,,,,,,,,,,,,
,AMC,SERVICIOS INDUSTRIALES AMC,3E-07,Precalentador de agua,TUBO/CARCASA,Agua de alimentaci�n,,,,179882.941,9354.4354,8850.4943,,,,,8.1564,,,,,,,,,,,,,,,,23.1113,,,,,,,,120.774,,,,,,,,,,,,,,,,,,,,,,,,,,,,,
,AMC,SERVICIOS INDUSTRIALES AMC,3E-08,Precalentador de agua,TUBO/CARCASA,Agua de alimentaci�n,,,,179882.941,8850.4943,,,,,,14.7616,,,,,,,,,,,,,,,,72.3949,,,,,,,,94.4823,,,,,,,,,,,,,,,,,,,,,,,,,,,,,
